real_name,game_id,player_id,lichess_game_id,date_utc,white,black,white_elo,black_elo,result,player_color,player_result,eco,opening,total_moves,termination,time_control,variant,move_times_json
"GM Vignesh, N R",1,1,xKzrLemq,2026.06.10,RishiChamp2013,Goodgoodchess,1859,2280,0-1,black,win,A29,"English Opening: King's English Variation, Four Knights Variation, Fianchetto Line, with Nb6",28,Normal,300+5,Standard,"[""0:05:00"", ""0:05:00"", ""0:05:03"", ""0:05:04"", ""0:05:08"", ""0:05:07"", ""0:05:10"", ""0:05:10"", ""0:05:14"", ""0:05:10"", ""0:05:15"", ""0:05:09"", ""0:05:15"", ""0:05:07"", ""0:05:17"", ""0:04:52"", ""0:05:02"", ""0:04:42"", ""0:04:49"", ""0:04:44"", ""0:04:03"", ""0:04:45"", ""0:03:47"", ""0:04:35"", ""0:03:43"", ""0:04:08"", ""0:03:08"", ""0:04:09"", ""0:03:12"", ""0:04:13"", ""0:03:11"", ""0:04:17"", ""0:03:07"", ""0:04:20"", ""0:03:10"", ""0:04:20"", ""0:03:11"", ""0:03:45"", ""0:02:56"", ""0:03:49"", ""0:02:34"", ""0:03:49"", ""0:02:28"", ""0:03:52"", ""0:02:32"", ""0:03:51"", ""0:02:33"", ""0:03:47"", ""0:02:34"", ""0:03:50"", ""0:02:21"", ""0:03:53"", ""0:02:23"", ""0:03:55"", ""0:02:22"", ""0:03:53""]"
"GM Vignesh, N R",2,1,wT8wbDZE,2026.06.10,Goodgoodchess,RishiChamp2013,2280,1859,1-0,white,win,A19,"English Opening: Anglo-Indian Defense, Flohr-Mikenas-Carls Variation, Nei Gambit",23,Normal,300+5,Standard,"[""0:05:00"", ""0:05:00"", ""0:05:04"", ""0:05:04"", ""0:05:07"", ""0:05:05"", ""0:05:10"", ""0:05:06"", ""0:05:08"", ""0:05:09"", ""0:04:27"", ""0:05:10"", ""0:04:31"", ""0:05:08"", ""0:04:23"", ""0:04:59"", ""0:04:27"", ""0:05:01"", ""0:04:31"", ""0:05:04"", ""0:04:32"", ""0:05:03"", ""0:04:29"", ""0:05:01"", ""0:04:29"", ""0:04:58"", ""0:04:11"", ""0:04:48"", ""0:04:13"", ""0:04:50"", ""0:04:16"", ""0:04:50"", ""0:04:16"", ""0:04:52"", ""0:04:10"", ""0:04:53"", ""0:03:55"", ""0:04:52"", ""0:03:57"", ""0:04:45"", ""0:03:58"", ""0:04:45"", ""0:03:50"", ""0:04:47"", ""0:03:50"", ""0:04:45""]"
"GM Vignesh, N R",3,1,2QOPQLNT,2026.06.10,RishiChamp2013,Goodgoodchess,1859,2280,0-1,black,win,C14,French Defense: Classical Variation,33,Normal,300+5,Standard,"[""0:05:00"", ""0:05:00"", ""0:05:03"", ""0:05:04"", ""0:05:07"", ""0:05:06"", ""0:05:09"", ""0:05:04"", ""0:04:50"", ""0:05:08"", ""0:04:48"", ""0:05:12"", ""0:04:53"", ""0:05:15"", ""0:04:56"", ""0:05:19"", ""0:04:56"", ""0:05:22"", ""0:04:59"", ""0:05:26"", ""0:05:00"", ""0:05:30"", ""0:05:03"", ""0:05:34"", ""0:05:07"", ""0:05:37"", ""0:05:10"", ""0:05:38"", ""0:05:01"", ""0:05:39"", ""0:04:54"", ""0:05:42"", ""0:04:57"", ""0:05:29"", ""0:04:58"", ""0:05:13"", ""0:04:59"", ""0:05:17"", ""0:04:31"", ""0:05:21"", ""0:04:36"", ""0:05:20"", ""0:04:38"", ""0:05:23"", ""0:04:39"", ""0:05:21"", ""0:04:35"", ""0:05:25"", ""0:04:31"", ""0:05:28"", ""0:04:34"", ""0:05:24"", ""0:04:34"", ""0:05:25"", ""0:04:37"", ""0:05:28"", ""0:04:39"", ""0:05:27"", ""0:04:43"", ""0:05:23"", ""0:04:39"", ""0:05:27"", ""0:04:25"", ""0:05:30"", ""0:04:29"", ""0:05:31""]"
"GM Vignesh, N R",4,1,JsGKDbjd,2026.06.10,Goodgoodchess,RishiChamp2013,2280,1859,1-0,white,win,E70,King's Indian Defense: Normal Variation,29,Normal,300+5,Standard,"[""0:05:00"", ""0:05:00"", ""0:05:03"", ""0:05:04"", ""0:05:07"", ""0:05:06"", ""0:05:11"", ""0:05:08"", ""0:05:15"", ""0:05:11"", ""0:05:19"", ""0:05:12"", ""0:05:22"", ""0:05:15"", ""0:05:25"", ""0:05:19"", ""0:05:25"", ""0:05:21"", ""0:05:29"", ""0:05:22"", ""0:05:22"", ""0:05:24"", ""0:05:20"", ""0:05:26"", ""0:05:14"", ""0:05:20"", ""0:05:17"", ""0:05:13"", ""0:05:09"", ""0:05:15"", ""0:05:10"", ""0:05:18"", ""0:05:11"", ""0:05:17"", ""0:05:05"", ""0:05:19"", ""0:05:09"", ""0:04:44"", ""0:05:09"", ""0:04:45"", ""0:05:05"", ""0:04:44"", ""0:05:05"", ""0:04:43"", ""0:05:08"", ""0:04:48"", ""0:04:58"", ""0:04:26"", ""0:05:00"", ""0:04:24"", ""0:04:57"", ""0:04:20"", ""0:04:58"", ""0:04:19"", ""0:04:59"", ""0:04:22"", ""0:04:56""]"
"GM Vignesh, N R",5,1,Pd61M0OP,2026.06.10,RishiChamp2013,Goodgoodchess,1859,2280,0-1,black,win,B13,Caro-Kann Defense: Exchange Variation,29,Normal,300+5,Standard,"[""0:05:00"", ""0:05:00"", ""0:04:42"", ""0:05:04"", ""0:04:39"", ""0:05:08"", ""0:04:44"", ""0:05:10"", ""0:04:48"", ""0:05:11"", ""0:04:38"", ""0:04:53"", ""0:04:33"", ""0:04:51"", ""0:04:04"", ""0:04:54"", ""0:04:07"", ""0:04:55"", ""0:04:05"", ""0:04:59"", ""0:04:00"", ""0:05:00"", ""0:03:57"", ""0:05:01"", ""0:03:55"", ""0:04:49"", ""0:03:50"", ""0:04:51"", ""0:03:52"", ""0:04:49"", ""0:03:54"", ""0:04:52"", ""0:03:54"", ""0:04:49"", ""0:03:53"", ""0:04:53"", ""0:03:52"", ""0:04:30"", ""0:03:53"", ""0:04:32"", ""0:03:54"", ""0:04:33"", ""0:03:57"", ""0:04:29"", ""0:03:53"", ""0:04:28"", ""0:03:53"", ""0:04:32"", ""0:03:55"", ""0:04:33"", ""0:03:42"", ""0:04:34"", ""0:03:38"", ""0:04:33"", ""0:03:41"", ""0:04:35"", ""0:03:24"", ""0:04:32""]"
"GM Vignesh, N R",6,1,svV8JNTc,2026.06.10,Goodgoodchess,RishiChamp2013,2280,1859,1-0,white,win,B45,Sicilian Defense: Four Knights Variation,35,Normal,300+5,Standard,"[""0:05:00"", ""0:05:00"", ""0:05:03"", ""0:05:02"", ""0:05:06"", ""0:05:05"", ""0:05:11"", ""0:05:06"", ""0:05:16"", ""0:05:09"", ""0:05:13"", ""0:05:02"", ""0:05:13"", ""0:04:57"", ""0:05:14"", ""0:05:00"", ""0:05:15"", ""0:04:51"", ""0:04:57"", ""0:04:51"", ""0:05:02"", ""0:04:53"", ""0:05:01"", ""0:04:54"", ""0:04:48"", ""0:04:44"", ""0:04:22"", ""0:04:33"", ""0:04:25"", ""0:04:08"", ""0:04:28"", ""0:04:13"", ""0:04:23"", ""0:04:13"", ""0:04:25"", ""0:04:14"", ""0:04:27"", ""0:04:16"", ""0:04:30"", ""0:04:18"", ""0:04:31"", ""0:04:18"", ""0:04:29"", ""0:04:21"", ""0:04:32"", ""0:04:24"", ""0:04:30"", ""0:04:28"", ""0:04:34"", ""0:04:07"", ""0:04:36"", ""0:04:07"", ""0:04:39"", ""0:04:08"", ""0:04:37"", ""0:03:56"", ""0:04:36"", ""0:03:40"", ""0:04:16"", ""0:03:35"", ""0:04:11"", ""0:03:32"", ""0:04:09"", ""0:03:03"", ""0:04:14"", ""0:02:46"", ""0:04:15"", ""0:02:50"", ""0:04:19""]"
"GM Vignesh, N R",7,1,tKAKyRLz,2026.06.09,shreyash_2007,Goodgoodchess,1952,2280,0-1,black,win,D01,Rapport-Jobava System,32,Normal,300+5,Standard,"[""0:05:00"", ""0:05:00"", ""0:05:04"", ""0:05:04"", ""0:05:08"", ""0:05:06"", ""0:05:11"", ""0:05:10"", ""0:05:16"", ""0:05:14"", ""0:05:13"", ""0:05:18"", ""0:05:18"", ""0:05:22"", ""0:05:22"", ""0:05:23"", ""0:05:25"", ""0:05:24"", ""0:05:23"", ""0:05:10"", ""0:05:23"", ""0:05:14"", ""0:05:25"", ""0:05:18"", ""0:05:24"", ""0:05:19"", ""0:05:25"", ""0:05:17"", ""0:05:28"", ""0:05:20"", ""0:05:27"", ""0:05:10"", ""0:05:16"", ""0:05:15"", ""0:05:11"", ""0:04:58"", ""0:04:56"", ""0:04:57"", ""0:04:18"", ""0:04:56"", ""0:04:12"", ""0:03:24"", ""0:03:57"", ""0:03:25"", ""0:03:55"", ""0:03:20"", ""0:03:57"", ""0:03:20"", ""0:03:58"", ""0:03:11"", ""0:03:54"", ""0:03:06"", ""0:03:52"", ""0:02:50"", ""0:02:58"", ""0:02:49"", ""0:02:46"", ""0:02:45"", ""0:02:31"", ""0:02:49"", ""0:02:26"", ""0:02:51"", ""0:02:28"", ""0:02:50""]"
"GM Vignesh, N R",8,1,UwHdNDez,2026.06.09,Goodgoodchess,shreyash_2007,2280,1952,1-0,white,win,C97,"Ruy Lopez: Closed, Chigorin Defense",57,Normal,300+5,Standard,"[""0:05:00"", ""0:05:00"", ""0:05:04"", ""0:05:04"", ""0:05:07"", ""0:05:04"", ""0:05:10"", ""0:05:06"", ""0:05:13"", ""0:05:10"", ""0:05:16"", ""0:05:15"", ""0:05:12"", ""0:05:15"", ""0:05:15"", ""0:05:19"", ""0:05:19"", ""0:05:20"", ""0:05:22"", ""0:05:25"", ""0:05:26"", ""0:05:24"", ""0:05:30"", ""0:05:13"", ""0:05:31"", ""0:05:14"", ""0:05:30"", ""0:05:10"", ""0:04:51"", ""0:05:15"", ""0:04:55"", ""0:05:15"", ""0:04:58"", ""0:05:12"", ""0:04:58"", ""0:05:15"", ""0:05:00"", ""0:05:20"", ""0:05:05"", ""0:05:22"", ""0:03:54"", ""0:05:19"", ""0:03:45"", ""0:05:10"", ""0:03:44"", ""0:04:46"", ""0:03:39"", ""0:04:40"", ""0:02:52"", ""0:04:21"", ""0:02:52"", ""0:04:19"", ""0:02:56"", ""0:03:19"", ""0:02:43"", ""0:03:24"", ""0:02:44"", ""0:03:07"", ""0:02:47"", ""0:03:12"", ""0:02:52"", ""0:03:14"", ""0:02:19"", ""0:02:45"", ""0:02:15"", ""0:02:44"", ""0:02:14"", ""0:02:46"", ""0:02:16"", ""0:02:33"", ""0:02:19"", ""0:02:29"", ""0:02:11"", ""0:02:25"", ""0:01:51"", ""0:02:08"", ""0:01:15"", ""0:01:35"", ""0:00:38"", ""0:00:40"", ""0:00:35"", ""0:00:35"", ""0:00:29"", ""0:00:39"", ""0:00:22"", ""0:00:13"", ""0:00:25"", ""0:00:15"", ""0:00:15"", ""0:00:19"", ""0:00:18"", ""0:00:21"", ""0:00:20"", ""0:00:20"", ""0:00:19"", ""0:00:21"", ""0:00:22"", ""0:00:20"", ""0:00:25"", ""0:00:09"", ""0:00:28"", ""0:00:07"", ""0:00:29"", ""0:00:12"", ""0:00:33"", ""0:00:13"", ""0:00:37"", ""0:00:18"", ""0:00:39"", ""0:00:22"", ""0:00:40"", ""0:00:25"", ""0:00:43""]"
"GM Vignesh, N R",9,1,3rJcCWhQ,2026.06.09,shreyash_2007,Goodgoodchess,1952,2280,0-1,black,win,B15,Caro-Kann Defense: Tartakower Variation,41,Normal,300+5,Standard,"[""0:05:00"", ""0:05:00"", ""0:05:04"", ""0:05:04"", ""0:05:08"", ""0:05:08"", ""0:05:13"", ""0:05:13"", ""0:05:14"", ""0:05:18"", ""0:05:16"", ""0:05:23"", ""0:05:20"", ""0:05:28"", ""0:05:25"", ""0:05:33"", ""0:05:28"", ""0:05:32"", ""0:05:19"", ""0:05:31"", ""0:05:19"", ""0:05:35"", ""0:05:23"", ""0:05:36"", ""0:05:11"", ""0:05:39"", ""0:05:04"", ""0:05:40"", ""0:04:41"", ""0:05:25"", ""0:04:22"", ""0:05:22"", ""0:04:26"", ""0:05:16"", ""0:04:14"", ""0:05:00"", ""0:04:16"", ""0:05:04"", ""0:03:47"", ""0:04:53"", ""0:03:48"", ""0:04:55"", ""0:03:50"", ""0:04:51"", ""0:03:40"", ""0:04:56"", ""0:03:45"", ""0:05:01"", ""0:03:47"", ""0:05:05"", ""0:03:45"", ""0:04:54"", ""0:03:33"", ""0:04:42"", ""0:03:31"", ""0:04:36"", ""0:03:30"", ""0:04:17"", ""0:03:17"", ""0:04:12"", ""0:03:11"", ""0:04:09"", ""0:03:13"", ""0:04:09"", ""0:02:35"", ""0:04:13"", ""0:02:32"", ""0:04:17"", ""0:02:19"", ""0:04:21"", ""0:02:23"", ""0:04:15"", ""0:02:22"", ""0:04:17"", ""0:02:14"", ""0:04:17"", ""0:02:19"", ""0:04:22"", ""0:02:09"", ""0:04:26"", ""0:02:13"", ""0:04:30""]"
"GM Vignesh, N R",10,1,av76nuQl,2026.06.09,Goodgoodchess,shreyash_2007,2280,1952,1-0,white,win,A14,"English Opening: Agincourt Defense, Neo-Catalan Declined",29,Normal,300+5,Standard,"[""0:05:00"", ""0:05:00"", ""0:05:03"", ""0:05:04"", ""0:05:07"", ""0:05:08"", ""0:05:12"", ""0:05:13"", ""0:05:15"", ""0:05:17"", ""0:05:19"", ""0:05:21"", ""0:05:22"", ""0:05:25"", ""0:05:26"", ""0:05:28"", ""0:05:28"", ""0:05:15"", ""0:05:02"", ""0:04:53"", ""0:05:05"", ""0:04:57"", ""0:04:59"", ""0:04:56"", ""0:05:04"", ""0:04:48"", ""0:05:05"", ""0:04:52"", ""0:05:08"", ""0:04:50"", ""0:05:10"", ""0:04:17"", ""0:04:08"", ""0:03:44"", ""0:03:43"", ""0:03:44"", ""0:03:28"", ""0:02:35"", ""0:03:23"", ""0:02:26"", ""0:03:21"", ""0:02:25"", ""0:03:23"", ""0:02:26"", ""0:03:16"", ""0:02:26"", ""0:03:15"", ""0:02:27"", ""0:03:19"", ""0:02:15"", ""0:03:17"", ""0:02:10"", ""0:03:17"", ""0:01:57"", ""0:03:17"", ""0:01:58"", ""0:03:21""]"
"GM Vignesh, N R",11,1,Nso9xENr,2026.06.09,shreyash_2007,Goodgoodchess,1952,2280,0-1,black,win,D01,Rapport-Jobava System,19,Normal,300+5,Standard,"[""0:05:00"", ""0:05:00"", ""0:05:03"", ""0:04:56"", ""0:05:06"", ""0:05:00"", ""0:05:10"", ""0:05:04"", ""0:05:13"", ""0:05:07"", ""0:05:17"", ""0:05:09"", ""0:05:20"", ""0:05:10"", ""0:05:22"", ""0:05:13"", ""0:04:51"", ""0:04:56"", ""0:04:48"", ""0:05:00"", ""0:04:53"", ""0:04:55"", ""0:04:45"", ""0:04:52"", ""0:04:39"", ""0:04:48"", ""0:04:34"", ""0:04:37"", ""0:04:37"", ""0:04:40"", ""0:04:42"", ""0:04:44"", ""0:03:28"", ""0:04:45"", ""0:03:33"", ""0:04:46"", ""0:03:26"", ""0:04:38""]"
"GM Vignesh, N R",12,1,jARsheSq,2026.06.09,Goodgoodchess,yoey29,2280,1987,1-0,white,win,A07,King's Indian Attack: Yugoslav Variation,31,Time forfeit,300+5,Standard,"[""0:05:00"", ""0:05:00"", ""0:05:03"", ""0:05:02"", ""0:05:06"", ""0:05:06"", ""0:05:10"", ""0:05:10"", ""0:05:10"", ""0:05:13"", ""0:05:10"", ""0:05:05"", ""0:05:05"", ""0:05:06"", ""0:05:07"", ""0:04:53"", ""0:05:07"", ""0:03:55"", ""0:05:11"", ""0:03:55"", ""0:05:16"", ""0:03:58"", ""0:05:04"", ""0:03:50"", ""0:05:03"", ""0:03:53"", ""0:05:07"", ""0:03:06"", ""0:05:07"", ""0:02:22"", ""0:04:44"", ""0:02:20"", ""0:04:45"", ""0:02:15"", ""0:04:43"", ""0:01:34"", ""0:04:43"", ""0:01:20"", ""0:04:12"", ""0:01:02"", ""0:04:04"", ""0:01:00"", ""0:04:00"", ""0:00:35"", ""0:03:59"", ""0:00:38"", ""0:03:52"", ""0:00:38"", ""0:03:31"", ""0:00:41"", ""0:03:35"", ""0:00:25"", ""0:03:39"", ""0:00:08"", ""0:03:32"", ""0:00:12"", ""0:03:35"", ""0:00:11"", ""0:03:38"", ""0:00:09"", ""0:03:37""]"
"GM Vignesh, N R",13,1,prbkJXPZ,2026.06.09,yoey29,Goodgoodchess,1987,2280,0-1,black,win,D96,Grünfeld Defense: Russian Variation,21,Normal,300+5,Standard,"[""0:05:00"", ""0:05:00"", ""0:05:01"", ""0:05:03"", ""0:05:05"", ""0:05:07"", ""0:05:09"", ""0:05:10"", ""0:05:12"", ""0:05:10"", ""0:05:16"", ""0:05:08"", ""0:05:18"", ""0:05:12"", ""0:05:21"", ""0:05:07"", ""0:05:20"", ""0:05:06"", ""0:04:55"", ""0:05:01"", ""0:04:31"", ""0:05:04"", ""0:04:30"", ""0:04:52"", ""0:04:27"", ""0:04:26"", ""0:04:20"", ""0:04:20"", ""0:04:23"", ""0:04:05"", ""0:04:13"", ""0:03:58"", ""0:04:09"", ""0:03:50"", ""0:03:46"", ""0:03:47"", ""0:03:35"", ""0:03:50"", ""0:01:37"", ""0:03:40"", ""0:01:22"", ""0:03:33""]"
"GM Vignesh, N R",14,1,XKc4yRsn,2026.06.09,Goodgoodchess,yoey29,2280,1987,1-0,white,win,A14,"English Opening: Agincourt Defense, Neo-Catalan Declined",32,Normal,300+5,Standard,"[""0:05:00"", ""0:05:00"", ""0:05:04"", ""0:04:57"", ""0:05:09"", ""0:04:57"", ""0:05:12"", ""0:05:01"", ""0:05:15"", ""0:05:06"", ""0:05:19"", ""0:05:07"", ""0:05:23"", ""0:05:11"", ""0:05:27"", ""0:05:15"", ""0:05:30"", ""0:04:30"", ""0:05:31"", ""0:04:30"", ""0:05:24"", ""0:04:35"", ""0:05:26"", ""0:04:30"", ""0:05:31"", ""0:04:34"", ""0:05:01"", ""0:03:59"", ""0:04:37"", ""0:03:49"", ""0:04:25"", ""0:03:23"", ""0:04:29"", ""0:02:33"", ""0:04:32"", ""0:02:37"", ""0:04:23"", ""0:02:39"", ""0:04:18"", ""0:02:20"", ""0:04:10"", ""0:01:08"", ""0:04:04"", ""0:00:50"", ""0:04:05"", ""0:00:54"", ""0:04:05"", ""0:00:53"", ""0:04:04"", ""0:00:57"", ""0:04:03"", ""0:01:02"", ""0:04:07"", ""0:00:44"", ""0:04:09"", ""0:00:25"", ""0:04:11"", ""0:00:30"", ""0:04:12"", ""0:00:33"", ""0:04:13"", ""0:00:36"", ""0:04:15""]"
"GM Vignesh, N R",15,1,GqBv3fVS,2026.06.09,yoey29,Goodgoodchess,1987,2280,0-1,black,win,D27,"Queen's Gambit Accepted: Classical Defense, Main Line",26,Normal,300+5,Standard,"[""0:05:00"", ""0:05:00"", ""0:05:04"", ""0:05:03"", ""0:05:08"", ""0:05:06"", ""0:05:11"", ""0:05:10"", ""0:05:14"", ""0:05:14"", ""0:05:12"", ""0:05:19"", ""0:05:10"", ""0:05:22"", ""0:04:57"", ""0:05:24"", ""0:04:55"", ""0:05:19"", ""0:04:58"", ""0:05:21"", ""0:04:56"", ""0:05:19"", ""0:04:45"", ""0:04:52"", ""0:04:15"", ""0:04:55"", ""0:04:19"", ""0:04:59"", ""0:04:23"", ""0:04:28"", ""0:03:55"", ""0:04:24"", ""0:03:06"", ""0:04:26"", ""0:03:05"", ""0:04:28"", ""0:02:57"", ""0:04:32"", ""0:02:48"", ""0:04:34"", ""0:02:53"", ""0:04:33"", ""0:02:46"", ""0:04:33"", ""0:02:50"", ""0:04:34"", ""0:02:54"", ""0:04:38"", ""0:02:52"", ""0:04:39"", ""0:02:53"", ""0:04:37""]"
"GM Vignesh, N R",16,1,GiROZxsS,2026.06.09,Goodgoodchess,yoey29,2280,1987,1-0,white,win,B24,"Sicilian Defense: Closed, Fianchetto Variation",56,Normal,300+5,Standard,"[""0:05:00"", ""0:05:00"", ""0:05:02"", ""0:05:03"", ""0:05:06"", ""0:05:07"", ""0:05:10"", ""0:05:11"", ""0:05:13"", ""0:05:16"", ""0:05:12"", ""0:05:18"", ""0:05:16"", ""0:05:17"", ""0:05:19"", ""0:05:06"", ""0:05:18"", ""0:05:10"", ""0:04:54"", ""0:05:11"", ""0:04:55"", ""0:04:40"", ""0:04:56"", ""0:04:08"", ""0:05:01"", ""0:03:52"", ""0:04:59"", ""0:03:44"", ""0:04:55"", ""0:03:22"", ""0:04:13"", ""0:02:59"", ""0:04:17"", ""0:02:49"", ""0:04:20"", ""0:02:21"", ""0:04:21"", ""0:02:11"", ""0:04:12"", ""0:02:05"", ""0:04:05"", ""0:02:10"", ""0:03:41"", ""0:01:57"", ""0:03:24"", ""0:01:01"", ""0:03:25"", ""0:00:45"", ""0:03:17"", ""0:00:32"", ""0:02:46"", ""0:00:31"", ""0:02:40"", ""0:00:26"", ""0:02:20"", ""0:00:29"", ""0:02:16"", ""0:00:33"", ""0:02:12"", ""0:00:36"", ""0:02:17"", ""0:00:40"", ""0:02:15"", ""0:00:44"", ""0:01:55"", ""0:00:43"", ""0:01:59"", ""0:00:32"", ""0:02:03"", ""0:00:35"", ""0:02:06"", ""0:00:38"", ""0:01:47"", ""0:00:42"", ""0:01:39"", ""0:00:45"", ""0:01:29"", ""0:00:45"", ""0:01:32"", ""0:00:22"", ""0:01:35"", ""0:00:23"", ""0:01:37"", ""0:00:25"", ""0:01:42"", ""0:00:31"", ""0:01:39"", ""0:00:34"", ""0:01:43"", ""0:00:38"", ""0:01:47"", ""0:00:39"", ""0:01:50"", ""0:00:41"", ""0:01:52"", ""0:00:41"", ""0:01:55"", ""0:00:40"", ""0:01:49"", ""0:00:43"", ""0:01:29"", ""0:00:43"", ""0:01:33"", ""0:00:44"", ""0:01:36"", ""0:00:47"", ""0:01:38"", ""0:00:51"", ""0:01:41"", ""0:00:55"", ""0:01:45""]"
"GM Vignesh, N R",17,1,HScAWUvI,2026.06.07,Goodgoodchess,Chessbee111,2280,1712,1-0,white,win,B33,Sicilian Defense: Lasker-Pelikan Variation,32,Normal,600+10,Standard,"[""0:10:00"", ""0:10:00"", ""0:10:09"", ""0:10:07"", ""0:10:18"", ""0:10:14"", ""0:10:28"", ""0:10:22"", ""0:10:36"", ""0:10:28"", ""0:10:45"", ""0:10:37"", ""0:10:54"", ""0:10:42"", ""0:11:04"", ""0:10:47"", ""0:11:13"", ""0:10:56"", ""0:11:19"", ""0:11:04"", ""0:11:28"", ""0:11:10"", ""0:11:37"", ""0:11:19"", ""0:11:46"", ""0:11:26"", ""0:11:51"", ""0:11:34"", ""0:12:00"", ""0:11:42"", ""0:12:06"", ""0:11:49"", ""0:12:15"", ""0:11:58"", ""0:12:24"", ""0:12:07"", ""0:12:31"", ""0:12:14"", ""0:12:40"", ""0:12:14"", ""0:12:48"", ""0:12:17"", ""0:12:57"", ""0:12:18"", ""0:13:01"", ""0:12:15"", ""0:13:09"", ""0:12:18"", ""0:13:18"", ""0:12:11"", ""0:13:25"", ""0:12:00"", ""0:13:34"", ""0:12:10"", ""0:13:43"", ""0:12:17"", ""0:13:51"", ""0:12:27"", ""0:14:01"", ""0:12:36"", ""0:14:10"", ""0:12:44"", ""0:14:10""]"
"GM Vignesh, N R",18,1,pJ2yy6xO,2026.06.07,Chessbee111,Goodgoodchess,1712,2280,0-1,black,win,B06,Modern Defense,76,Normal,600+10,Standard,"[""0:10:00"", ""0:10:00"", ""0:09:54"", ""0:10:08"", ""0:10:02"", ""0:10:17"", ""0:10:08"", ""0:10:25"", ""0:10:16"", ""0:10:33"", ""0:10:20"", ""0:10:41"", ""0:10:27"", ""0:10:50"", ""0:10:35"", ""0:10:58"", ""0:10:39"", ""0:11:06"", ""0:10:35"", ""0:11:11"", ""0:10:29"", ""0:11:20"", ""0:10:29"", ""0:11:04"", ""0:10:35"", ""0:11:05"", ""0:10:37"", ""0:11:07"", ""0:10:02"", ""0:11:01"", ""0:09:46"", ""0:10:59"", ""0:09:21"", ""0:10:48"", ""0:09:20"", ""0:10:55"", ""0:09:17"", ""0:10:57"", ""0:09:17"", ""0:11:00"", ""0:09:00"", ""0:09:42"", ""0:08:56"", ""0:09:50"", ""0:08:56"", ""0:09:59"", ""0:08:47"", ""0:09:43"", ""0:08:40"", ""0:09:50"", ""0:07:21"", ""0:09:55"", ""0:07:09"", ""0:09:54"", ""0:06:16"", ""0:10:01"", ""0:06:26"", ""0:10:10"", ""0:06:36"", ""0:10:14"", ""0:06:28"", ""0:10:13"", ""0:06:32"", ""0:10:10"", ""0:06:40"", ""0:10:19"", ""0:06:42"", ""0:10:28"", ""0:06:50"", ""0:10:36"", ""0:06:50"", ""0:10:37"", ""0:06:55"", ""0:10:44"", ""0:07:01"", ""0:10:50"", ""0:07:09"", ""0:10:29"", ""0:07:07"", ""0:10:37"", ""0:07:13"", ""0:10:38"", ""0:07:18"", ""0:10:46"", ""0:07:16"", ""0:10:55"", ""0:07:24"", ""0:11:02"", ""0:07:30"", ""0:11:11"", ""0:07:37"", ""0:11:19"", ""0:07:42"", ""0:11:28"", ""0:07:51"", ""0:11:37"", ""0:08:00"", ""0:11:45"", ""0:08:08"", ""0:11:54"", ""0:08:14"", ""0:12:03"", ""0:08:22"", ""0:12:11"", ""0:08:21"", ""0:12:19"", ""0:08:30"", ""0:12:27"", ""0:08:39"", ""0:12:36"", ""0:08:48"", ""0:12:45"", ""0:08:53"", ""0:12:53"", ""0:08:59"", ""0:13:02"", ""0:09:06"", ""0:13:10"", ""0:09:04"", ""0:12:57"", ""0:08:47"", ""0:13:05"", ""0:08:56"", ""0:13:14"", ""0:08:54"", ""0:13:23"", ""0:09:03"", ""0:13:32"", ""0:09:09"", ""0:13:40"", ""0:09:17"", ""0:13:49"", ""0:09:26"", ""0:13:58"", ""0:09:35"", ""0:14:07"", ""0:09:44"", ""0:14:16"", ""0:09:53"", ""0:14:25"", ""0:10:01"", ""0:14:34"", ""0:10:07"", ""0:14:43"", ""0:10:13"", ""0:14:50"", ""0:10:21"", ""0:14:58"", ""0:10:30"", ""0:15:07"", ""0:10:34"", ""0:15:05""]"
"GM Vignesh, N R",19,1,nwFXlSGT,2026.06.07,Goodgoodchess,Chessbee111,2280,1712,1-0,white,win,B33,Sicilian Defense: Lasker-Pelikan Variation,20,Normal,600+10,Standard,"[""0:10:00"", ""0:10:00"", ""0:10:03"", ""0:10:05"", ""0:10:11"", ""0:10:00"", ""0:10:21"", ""0:10:06"", ""0:10:28"", ""0:09:57"", ""0:10:35"", ""0:10:01"", ""0:10:36"", ""0:10:00"", ""0:10:42"", ""0:10:10"", ""0:10:51"", ""0:10:08"", ""0:10:55"", ""0:10:15"", ""0:11:02"", ""0:10:08"", ""0:11:05"", ""0:10:09"", ""0:11:13"", ""0:09:57"", ""0:11:20"", ""0:09:26"", ""0:11:19"", ""0:09:32"", ""0:11:26"", ""0:09:40"", ""0:11:34"", ""0:09:41"", ""0:11:42"", ""0:09:50"", ""0:11:49"", ""0:09:14"", ""0:11:47""]"
"GM Vignesh, N R",20,1,dV3x1wVl,2026.06.07,Chessbee111,Goodgoodchess,1712,2280,0-1,black,win,A43,Benoni Defense: Old Benoni,30,Normal,600+10,Standard,"[""0:10:00"", ""0:10:00"", ""0:10:02"", ""0:10:06"", ""0:10:08"", ""0:10:13"", ""0:10:16"", ""0:10:20"", ""0:10:19"", ""0:10:28"", ""0:10:10"", ""0:10:36"", ""0:10:18"", ""0:10:41"", ""0:10:21"", ""0:10:22"", ""0:10:22"", ""0:10:27"", ""0:10:24"", ""0:10:34"", ""0:10:21"", ""0:10:38"", ""0:10:28"", ""0:10:48"", ""0:10:36"", ""0:10:56"", ""0:10:38"", ""0:11:02"", ""0:10:45"", ""0:11:07"", ""0:10:50"", ""0:11:06"", ""0:10:33"", ""0:11:01"", ""0:10:34"", ""0:11:10"", ""0:10:41"", ""0:11:14"", ""0:10:40"", ""0:11:21"", ""0:10:44"", ""0:11:01"", ""0:10:23"", ""0:09:25"", ""0:10:27"", ""0:09:31"", ""0:10:28"", ""0:09:21"", ""0:10:36"", ""0:09:29"", ""0:10:44"", ""0:09:31"", ""0:10:53"", ""0:09:35"", ""0:11:01"", ""0:09:41"", ""0:10:58"", ""0:09:44"", ""0:11:01"", ""0:09:42""]"
"GM Vignesh, N R",21,1,4kBw42lJ,2026.06.07,Goodgoodchess,Chessbee111,2280,1712,1-0,white,win,A33,"English Opening: Symmetrical Variation, Anti-Benoni Variation, Spielmann Defense",22,Normal,600+10,Standard,"[""0:10:00"", ""0:10:00"", ""0:10:04"", ""0:10:06"", ""0:10:11"", ""0:10:09"", ""0:10:16"", ""0:10:17"", ""0:10:24"", ""0:10:23"", ""0:10:22"", ""0:10:27"", ""0:10:06"", ""0:10:30"", ""0:10:13"", ""0:10:30"", ""0:10:21"", ""0:10:32"", ""0:10:29"", ""0:10:40"", ""0:10:36"", ""0:10:31"", ""0:10:27"", ""0:10:38"", ""0:10:35"", ""0:10:15"", ""0:10:37"", ""0:10:09"", ""0:10:45"", ""0:10:17"", ""0:10:51"", ""0:10:15"", ""0:10:58"", ""0:10:04"", ""0:10:53"", ""0:09:18"", ""0:09:41"", ""0:09:08"", ""0:09:47"", ""0:09:12"", ""0:09:34"", ""0:08:51"", ""0:09:26""]"
"GM Vignesh, N R",22,1,ha7yoVNN,2026.06.07,Chessbee111,Goodgoodchess,1712,2280,0-1,black,win,A48,Queen's Pawn Game: Barry Attack,39,Normal,600+10,Standard,"[""0:10:00"", ""0:10:00"", ""0:10:07"", ""0:10:07"", ""0:10:15"", ""0:10:15"", ""0:10:22"", ""0:10:24"", ""0:10:29"", ""0:10:30"", ""0:10:35"", ""0:10:38"", ""0:10:39"", ""0:10:46"", ""0:10:26"", ""0:10:54"", ""0:10:28"", ""0:11:03"", ""0:10:25"", ""0:10:39"", ""0:10:28"", ""0:10:46"", ""0:10:36"", ""0:10:32"", ""0:10:32"", ""0:10:40"", ""0:10:27"", ""0:10:25"", ""0:10:23"", ""0:10:30"", ""0:10:17"", ""0:10:36"", ""0:10:21"", ""0:10:45"", ""0:10:28"", ""0:10:48"", ""0:10:11"", ""0:10:44"", ""0:10:15"", ""0:10:51"", ""0:10:20"", ""0:10:57"", ""0:10:15"", ""0:10:59"", ""0:10:20"", ""0:11:02"", ""0:10:20"", ""0:10:59"", ""0:10:25"", ""0:11:06"", ""0:10:35"", ""0:11:14"", ""0:10:43"", ""0:11:24"", ""0:10:46"", ""0:11:30"", ""0:10:51"", ""0:11:35"", ""0:10:34"", ""0:11:38"", ""0:10:33"", ""0:11:45"", ""0:10:23"", ""0:11:42"", ""0:10:26"", ""0:11:48"", ""0:10:14"", ""0:11:56"", ""0:10:17"", ""0:12:01"", ""0:10:24"", ""0:12:08"", ""0:10:30"", ""0:12:16"", ""0:10:35"", ""0:12:23"", ""0:10:40"", ""0:12:19""]"
"GM Vignesh, N R",23,1,ZJQoJ3Xj,2026.06.06,vidipkumarkona,Goodgoodchess,2610,2832,0-1,black,win,B53,Sicilian Defense: Chekhover Variation,55,Normal,300+3,Standard,"[""0:05:00"", ""0:05:00"", ""0:05:00"", ""0:05:00"", ""0:04:47"", ""0:04:58"", ""0:04:50"", ""0:04:59"", ""0:04:51"", ""0:05:00"", ""0:04:53"", ""0:05:01"", ""0:04:55"", ""0:05:00"", ""0:04:56"", ""0:05:01"", ""0:04:57"", ""0:05:02"", ""0:04:56"", ""0:04:58"", ""0:04:57"", ""0:04:43"", ""0:04:57"", ""0:04:38"", ""0:04:56"", ""0:04:38"", ""0:04:59"", ""0:04:35"", ""0:05:01"", ""0:04:30"", ""0:04:57"", ""0:04:31"", ""0:04:59"", ""0:04:30"", ""0:04:55"", ""0:04:31"", ""0:04:57"", ""0:04:30"", ""0:04:58"", ""0:03:39"", ""0:04:58"", ""0:03:36"", ""0:05:00"", ""0:03:36"", ""0:05:02"", ""0:03:37"", ""0:05:04"", ""0:03:35"", ""0:05:02"", ""0:03:35"", ""0:05:03"", ""0:03:37"", ""0:05:03"", ""0:03:25"", ""0:05:03"", ""0:03:16"", ""0:05:05"", ""0:03:18"", ""0:05:07"", ""0:03:17"", ""0:05:10"", ""0:03:17"", ""0:05:11"", ""0:03:12"", ""0:05:12"", ""0:03:08"", ""0:05:13"", ""0:03:10"", ""0:05:15"", ""0:03:11"", ""0:05:16"", ""0:03:12"", ""0:05:18"", ""0:03:12"", ""0:05:20"", ""0:03:08"", ""0:05:21"", ""0:03:10"", ""0:05:24"", ""0:03:10"", ""0:05:27"", ""0:03:09"", ""0:05:29"", ""0:03:10"", ""0:05:30"", ""0:03:11"", ""0:05:33"", ""0:03:12"", ""0:05:34"", ""0:03:11"", ""0:05:36"", ""0:03:10"", ""0:05:35"", ""0:03:11"", ""0:05:36"", ""0:03:11"", ""0:05:37"", ""0:03:13"", ""0:05:36"", ""0:03:07"", ""0:05:37"", ""0:03:08"", ""0:05:39"", ""0:03:11"", ""0:05:41"", ""0:03:11"", ""0:05:41"", ""0:03:13"", ""0:05:42"", ""0:03:12""]"
"GM Vignesh, N R",24,1,Gv7FYOuO,2026.06.06,Goodgoodchess,vidipkumarkona,2832,2610,1-0,white,win,A13,"English Opening: Agincourt Defense, Catalan Defense Accepted",44,Normal,300+3,Standard,"[""0:05:00"", ""0:05:00"", ""0:05:02"", ""0:05:00"", ""0:05:02"", ""0:04:58"", ""0:05:04"", ""0:04:59"", ""0:05:03"", ""0:04:59"", ""0:05:04"", ""0:05:01"", ""0:05:03"", ""0:05:03"", ""0:04:59"", ""0:05:02"", ""0:04:58"", ""0:05:03"", ""0:04:59"", ""0:05:04"", ""0:05:00"", ""0:04:55"", ""0:05:00"", ""0:04:23"", ""0:04:56"", ""0:04:25"", ""0:04:54"", ""0:04:26"", ""0:04:49"", ""0:04:24"", ""0:04:44"", ""0:04:21"", ""0:03:29"", ""0:04:17"", ""0:03:01"", ""0:04:13"", ""0:02:53"", ""0:04:14"", ""0:02:55"", ""0:04:12"", ""0:02:57"", ""0:04:14"", ""0:02:58"", ""0:04:15"", ""0:01:21"", ""0:04:13"", ""0:00:54"", ""0:04:13"", ""0:00:53"", ""0:04:16"", ""0:00:52"", ""0:04:16"", ""0:00:49"", ""0:04:17"", ""0:00:51"", ""0:04:20"", ""0:00:48"", ""0:04:09"", ""0:00:41"", ""0:04:10"", ""0:00:43"", ""0:04:12"", ""0:00:23"", ""0:03:56"", ""0:00:26"", ""0:03:56"", ""0:00:23"", ""0:03:58"", ""0:00:23"", ""0:03:55"", ""0:00:26"", ""0:03:57"", ""0:00:25"", ""0:03:59"", ""0:00:23"", ""0:03:58"", ""0:00:19"", ""0:03:53"", ""0:00:21"", ""0:03:53"", ""0:00:23"", ""0:03:54"", ""0:00:23"", ""0:03:56"", ""0:00:24"", ""0:03:56"", ""0:00:26""]"
"GM Vignesh, N R",25,1,4SGmo7R7,2026.06.05,DmDonCh,Goodgoodchess,2834,2843,1-0,black,loss,E11,Bogo-Indian Defense: Nimzowitsch Variation,69,Time forfeit,180+0,Standard,"[""0:03:00"", ""0:03:00"", ""0:02:59"", ""0:02:59"", ""0:02:57"", ""0:02:57"", ""0:02:55"", ""0:02:56"", ""0:02:47"", ""0:02:53"", ""0:02:46"", ""0:02:52"", ""0:02:45"", ""0:02:50"", ""0:02:42"", ""0:02:49"", ""0:02:41"", ""0:02:48"", ""0:02:40"", ""0:02:47"", ""0:02:30"", ""0:02:45"", ""0:02:23"", ""0:02:43"", ""0:02:21"", ""0:02:41"", ""0:02:19"", ""0:02:27"", ""0:02:17"", ""0:02:23"", ""0:02:12"", ""0:02:19"", ""0:02:08"", ""0:02:17"", ""0:02:03"", ""0:02:04"", ""0:02:03"", ""0:02:03"", ""0:01:47"", ""0:01:46"", ""0:01:42"", ""0:01:44"", ""0:01:40"", ""0:01:34"", ""0:01:38"", ""0:01:30"", ""0:01:33"", ""0:01:19"", ""0:01:31"", ""0:01:18"", ""0:01:23"", ""0:01:15"", ""0:01:22"", ""0:01:12"", ""0:01:20"", ""0:01:00"", ""0:01:07"", ""0:00:52"", ""0:01:04"", ""0:00:45"", ""0:00:35"", ""0:00:43"", ""0:00:32"", ""0:00:41"", ""0:00:31"", ""0:00:40"", ""0:00:31"", ""0:00:35"", ""0:00:26"", ""0:00:28"", ""0:00:25"", ""0:00:28"", ""0:00:24"", ""0:00:27"", ""0:00:22"", ""0:00:27"", ""0:00:22"", ""0:00:25"", ""0:00:20"", ""0:00:24"", ""0:00:19"", ""0:00:24"", ""0:00:18"", ""0:00:23"", ""0:00:16"", ""0:00:21"", ""0:00:15"", ""0:00:20"", ""0:00:14"", ""0:00:19"", ""0:00:13"", ""0:00:19"", ""0:00:11"", ""0:00:18"", ""0:00:11"", ""0:00:18"", ""0:00:10"", ""0:00:17"", ""0:00:09"", ""0:00:17"", ""0:00:09"", ""0:00:16"", ""0:00:08"", ""0:00:15"", ""0:00:08"", ""0:00:13"", ""0:00:07"", ""0:00:13"", ""0:00:07"", ""0:00:11"", ""0:00:06"", ""0:00:10"", ""0:00:04"", ""0:00:09"", ""0:00:04"", ""0:00:08"", ""0:00:03"", ""0:00:07"", ""0:00:02"", ""0:00:06"", ""0:00:01"", ""0:00:05"", ""0:00:01"", ""0:00:05"", ""0:00:01"", ""0:00:04"", ""0:00:01"", ""0:00:03"", ""0:00:00"", ""0:00:02"", ""0:00:00"", ""0:00:02"", ""0:00:00"", ""0:00:01"", ""0:00:00"", ""0:00:01"", ""0:00:00""]"
"GM Vignesh, N R",26,1,N3vcRAmp,2026.06.05,Goodgoodchess,DmDonCh,2855,2828,0-1,white,loss,A37,"English Opening: Symmetrical Variation, Three Knights, Fianchetto Variation",23,Normal,180+0,Standard,"[""0:03:00"", ""0:03:00"", ""0:02:59"", ""0:02:59"", ""0:02:59"", ""0:02:59"", ""0:02:57"", ""0:02:58"", ""0:02:56"", ""0:02:57"", ""0:02:53"", ""0:02:55"", ""0:02:52"", ""0:02:54"", ""0:02:51"", ""0:02:53"", ""0:02:48"", ""0:02:49"", ""0:02:37"", ""0:02:47"", ""0:02:35"", ""0:02:44"", ""0:02:33"", ""0:02:41"", ""0:02:31"", ""0:02:36"", ""0:02:24"", ""0:02:34"", ""0:02:20"", ""0:02:33"", ""0:02:15"", ""0:02:25"", ""0:02:12"", ""0:02:23"", ""0:02:12"", ""0:02:21"", ""0:02:08"", ""0:02:19"", ""0:02:06"", ""0:02:17"", ""0:01:59"", ""0:02:16"", ""0:01:53"", ""0:02:14"", ""0:01:52"", ""0:02:12""]"
"GM Vignesh, N R",27,1,J1WKIYEx,2026.06.05,DmDonCh,Goodgoodchess,2834,2844,0-1,black,win,A00,Mieses Opening,24,Normal,180+0,Standard,"[""0:03:00"", ""0:03:00"", ""0:02:59"", ""0:02:59"", ""0:02:59"", ""0:02:57"", ""0:02:58"", ""0:02:56"", ""0:02:58"", ""0:02:54"", ""0:02:56"", ""0:02:51"", ""0:02:55"", ""0:02:51"", ""0:02:55"", ""0:02:51"", ""0:02:52"", ""0:02:44"", ""0:02:50"", ""0:02:41"", ""0:02:49"", ""0:02:31"", ""0:02:40"", ""0:02:31"", ""0:02:35"", ""0:02:23"", ""0:02:34"", ""0:02:19"", ""0:02:32"", ""0:02:15"", ""0:02:19"", ""0:02:11"", ""0:02:11"", ""0:02:10"", ""0:01:51"", ""0:02:00"", ""0:01:51"", ""0:01:57"", ""0:01:28"", ""0:01:52"", ""0:01:19"", ""0:01:31"", ""0:01:18"", ""0:01:29"", ""0:01:17"", ""0:01:14"", ""0:01:16"", ""0:01:11""]"
"GM Vignesh, N R",28,1,6DqLlkJC,2026.06.05,Goodgoodchess,DmDonCh,2832,2839,1-0,white,win,A10,English Opening,24,Normal,180+0,Standard,"[""0:03:00"", ""0:03:00"", ""0:02:58"", ""0:03:00"", ""0:02:58"", ""0:03:00"", ""0:02:57"", ""0:03:00"", ""0:02:56"", ""0:02:59"", ""0:02:55"", ""0:02:58"", ""0:02:54"", ""0:02:55"", ""0:02:53"", ""0:02:53"", ""0:02:49"", ""0:02:52"", ""0:02:48"", ""0:02:46"", ""0:02:46"", ""0:02:45"", ""0:02:32"", ""0:02:44"", ""0:02:28"", ""0:02:44"", ""0:02:26"", ""0:02:42"", ""0:02:21"", ""0:02:41"", ""0:02:10"", ""0:02:22"", ""0:02:06"", ""0:02:05"", ""0:02:02"", ""0:02:00"", ""0:01:49"", ""0:01:56"", ""0:01:44"", ""0:01:50"", ""0:01:41"", ""0:01:47"", ""0:01:36"", ""0:01:46"", ""0:01:30"", ""0:01:42"", ""0:01:29""]"
"GM Vignesh, N R",29,1,o4uaBRFK,2026.06.05,kijuqwerty,Goodgoodchess,1804,2832,0-1,black,win,B90,"Sicilian Defense: Najdorf Variation, English Attack",24,Normal,300+3,Standard,"[""0:05:00"", ""0:05:00"", ""0:05:01"", ""0:05:02"", ""0:05:04"", ""0:05:05"", ""0:05:06"", ""0:05:08"", ""0:05:09"", ""0:05:11"", ""0:04:57"", ""0:05:12"", ""0:04:58"", ""0:05:14"", ""0:04:55"", ""0:05:15"", ""0:04:56"", ""0:05:17"", ""0:04:58"", ""0:05:14"", ""0:04:58"", ""0:05:16"", ""0:04:59"", ""0:05:18"", ""0:04:50"", ""0:05:18"", ""0:04:49"", ""0:04:39"", ""0:04:39"", ""0:04:41"", ""0:04:39"", ""0:04:32"", ""0:04:38"", ""0:04:23"", ""0:04:37"", ""0:04:19"", ""0:04:36"", ""0:04:14"", ""0:04:07"", ""0:04:15"", ""0:04:07"", ""0:03:59"", ""0:04:05"", ""0:03:34"", ""0:04:02"", ""0:03:30"", ""0:03:54"", ""0:03:25""]"
"GM Vignesh, N R",30,1,kTDPpENO,2026.06.05,Goodgoodchess,kijuqwerty,2832,1804,1-0,white,win,B30,Sicilian Defense: Nyezhmetdinov-Rossolimo Attack,20,Normal,300+3,Standard,"[""0:05:00"", ""0:05:00"", ""0:05:00"", ""0:05:02"", ""0:05:02"", ""0:05:00"", ""0:05:04"", ""0:05:02"", ""0:05:05"", ""0:04:58"", ""0:05:07"", ""0:04:43"", ""0:05:06"", ""0:04:38"", ""0:05:07"", ""0:04:26"", ""0:05:09"", ""0:04:28"", ""0:05:06"", ""0:04:27"", ""0:05:08"", ""0:04:29"", ""0:05:06"", ""0:04:27"", ""0:05:08"", ""0:04:29"", ""0:05:09"", ""0:04:31"", ""0:05:11"", ""0:04:32"", ""0:05:11"", ""0:04:35"", ""0:05:09"", ""0:04:36"", ""0:05:11"", ""0:04:38"", ""0:05:11"", ""0:04:38"", ""0:05:13""]"
"GM Vignesh, N R",31,1,v9Dj5gEe,2026.06.05,kijuqwerty,Goodgoodchess,1804,2832,1-0,black,loss,B13,"Caro-Kann Defense: Exchange Variation, Rubinstein Variation",50,Normal,300+3,Standard,"[""0:05:00"", ""0:05:00"", ""0:05:01"", ""0:05:02"", ""0:05:04"", ""0:05:03"", ""0:05:06"", ""0:05:05"", ""0:05:09"", ""0:05:06"", ""0:05:09"", ""0:05:06"", ""0:05:10"", ""0:05:07"", ""0:04:57"", ""0:05:07"", ""0:04:57"", ""0:05:07"", ""0:04:33"", ""0:04:46"", ""0:04:25"", ""0:04:36"", ""0:04:01"", ""0:04:35"", ""0:03:55"", ""0:04:36"", ""0:03:56"", ""0:04:30"", ""0:03:57"", ""0:04:10"", ""0:03:53"", ""0:04:11"", ""0:03:37"", ""0:03:59"", ""0:03:33"", ""0:04:01"", ""0:03:28"", ""0:03:43"", ""0:03:27"", ""0:03:35"", ""0:03:16"", ""0:03:21"", ""0:03:10"", ""0:03:18"", ""0:02:57"", ""0:03:11"", ""0:02:51"", ""0:03:08"", ""0:02:43"", ""0:02:36"", ""0:02:40"", ""0:02:24"", ""0:02:28"", ""0:02:01"", ""0:02:21"", ""0:01:57"", ""0:02:10"", ""0:01:45"", ""0:02:07"", ""0:01:29"", ""0:01:52"", ""0:01:28"", ""0:01:48"", ""0:01:21"", ""0:01:45"", ""0:01:20"", ""0:01:45"", ""0:01:17"", ""0:01:36"", ""0:01:17"", ""0:01:29"", ""0:01:14"", ""0:01:24"", ""0:01:15"", ""0:01:22"", ""0:01:16"", ""0:01:16"", ""0:01:17"", ""0:01:04"", ""0:01:19"", ""0:01:04"", ""0:01:18"", ""0:01:02"", ""0:01:14"", ""0:01:02"", ""0:01:13"", ""0:00:59"", ""0:01:13"", ""0:01:00"", ""0:01:10"", ""0:00:44"", ""0:01:02"", ""0:00:45"", ""0:00:55"", ""0:00:42"", ""0:00:38"", ""0:00:41"", ""0:00:39"", ""0:00:41""]"
"GM Vignesh, N R",32,1,FuceVypZ,2026.06.05,Goodgoodchess,kijuqwerty,2832,1804,1-0,white,win,B30,Sicilian Defense: Nyezhmetdinov-Rossolimo Attack,20,Normal,300+3,Standard,"[""0:05:00"", ""0:05:00"", ""0:05:02"", ""0:05:02"", ""0:05:01"", ""0:05:04"", ""0:04:58"", ""0:05:06"", ""0:04:56"", ""0:05:08"", ""0:04:48"", ""0:05:08"", ""0:04:50"", ""0:04:55"", ""0:04:47"", ""0:04:53"", ""0:04:31"", ""0:04:50"", ""0:04:28"", ""0:04:51"", ""0:04:30"", ""0:04:48"", ""0:04:32"", ""0:04:51"", ""0:04:30"", ""0:04:46"", ""0:03:58"", ""0:04:37"", ""0:03:54"", ""0:04:24"", ""0:03:52"", ""0:04:24"", ""0:03:41"", ""0:04:20"", ""0:03:29"", ""0:04:18"", ""0:03:17"", ""0:04:04"", ""0:02:44""]"
"GM Vignesh, N R",33,1,h8hsbB0r,2026.06.04,kuhmft,Goodgoodchess,2828,2844,1-0,black,loss,D38,"Queen's Gambit Declined: Ragozin Defense, Alekhine Variation",63,Normal,180+0,Standard,"[""0:03:00"", ""0:03:00"", ""0:02:59"", ""0:02:59"", ""0:02:59"", ""0:02:59"", ""0:02:59"", ""0:02:58"", ""0:02:57"", ""0:02:56"", ""0:02:56"", ""0:02:55"", ""0:02:56"", ""0:02:53"", ""0:02:55"", ""0:02:53"", ""0:02:53"", ""0:02:51"", ""0:02:52"", ""0:02:50"", ""0:02:51"", ""0:02:45"", ""0:02:49"", ""0:02:44"", ""0:02:46"", ""0:02:42"", ""0:02:42"", ""0:02:41"", ""0:02:36"", ""0:02:39"", ""0:02:35"", ""0:02:39"", ""0:02:34"", ""0:02:36"", ""0:02:29"", ""0:02:34"", ""0:02:28"", ""0:02:33"", ""0:02:25"", ""0:02:19"", ""0:02:18"", ""0:02:18"", ""0:02:16"", ""0:02:18"", ""0:02:15"", ""0:02:17"", ""0:02:08"", ""0:02:16"", ""0:02:03"", ""0:02:13"", ""0:01:56"", ""0:02:12"", ""0:01:55"", ""0:02:10"", ""0:01:54"", ""0:02:09"", ""0:01:54"", ""0:02:04"", ""0:01:51"", ""0:02:03"", ""0:01:50"", ""0:01:59"", ""0:01:25"", ""0:01:58"", ""0:01:25"", ""0:01:47"", ""0:01:22"", ""0:01:46"", ""0:01:21"", ""0:01:45"", ""0:01:19"", ""0:01:40"", ""0:01:16"", ""0:01:38"", ""0:01:15"", ""0:01:38"", ""0:01:07"", ""0:01:35"", ""0:01:06"", ""0:01:32"", ""0:00:56"", ""0:01:32"", ""0:00:54"", ""0:00:52"", ""0:00:51"", ""0:00:51"", ""0:00:50"", ""0:00:51"", ""0:00:47"", ""0:00:50"", ""0:00:41"", ""0:00:49"", ""0:00:41"", ""0:00:45"", ""0:00:41"", ""0:00:43"", ""0:00:34"", ""0:00:41"", ""0:00:34"", ""0:00:41"", ""0:00:34"", ""0:00:40"", ""0:00:34"", ""0:00:37"", ""0:00:26"", ""0:00:36"", ""0:00:22"", ""0:00:35"", ""0:00:18"", ""0:00:34"", ""0:00:17"", ""0:00:33"", ""0:00:15"", ""0:00:24"", ""0:00:14"", ""0:00:23"", ""0:00:14"", ""0:00:23"", ""0:00:14"", ""0:00:23"", ""0:00:13"", ""0:00:21"", ""0:00:12"", ""0:00:20"", ""0:00:12""]"
"GM Vignesh, N R",34,1,49Q31zdx,2026.06.03,Goodgoodchess,Pacici,2834,2772,1-0,white,win,C02,"French Defense: Advance Variation, Euwe Variation",46,Normal,180+0,Standard,"[""0:03:00"", ""0:03:00"", ""0:02:59"", ""0:03:00"", ""0:02:59"", ""0:02:59"", ""0:02:59"", ""0:02:58"", ""0:02:58"", ""0:02:58"", ""0:02:55"", ""0:02:56"", ""0:02:53"", ""0:02:56"", ""0:02:53"", ""0:02:55"", ""0:02:53"", ""0:02:41"", ""0:02:50"", ""0:02:37"", ""0:02:49"", ""0:02:34"", ""0:02:46"", ""0:02:34"", ""0:02:41"", ""0:02:32"", ""0:02:31"", ""0:02:29"", ""0:02:29"", ""0:02:11"", ""0:02:28"", ""0:02:08"", ""0:02:25"", ""0:02:06"", ""0:02:20"", ""0:02:06"", ""0:02:18"", ""0:01:56"", ""0:02:16"", ""0:01:56"", ""0:02:16"", ""0:01:55"", ""0:02:12"", ""0:01:50"", ""0:02:08"", ""0:01:44"", ""0:02:05"", ""0:01:38"", ""0:02:04"", ""0:01:37"", ""0:02:00"", ""0:01:37"", ""0:01:48"", ""0:01:35"", ""0:01:46"", ""0:01:34"", ""0:01:45"", ""0:01:34"", ""0:01:44"", ""0:01:34"", ""0:01:42"", ""0:01:32"", ""0:01:39"", ""0:01:31"", ""0:01:38"", ""0:01:30"", ""0:01:38"", ""0:01:30"", ""0:01:34"", ""0:01:28"", ""0:01:33"", ""0:01:27"", ""0:01:32"", ""0:01:27"", ""0:01:30"", ""0:01:26"", ""0:01:29"", ""0:01:25"", ""0:01:28"", ""0:01:24"", ""0:01:26"", ""0:01:23"", ""0:01:24"", ""0:01:21"", ""0:01:22"", ""0:01:20"", ""0:01:21"", ""0:01:19"", ""0:01:20"", ""0:01:19"", ""0:01:17""]"
"GM Vignesh, N R",35,1,grhTcwg3,2026.06.03,tufferguy,Goodgoodchess,2826,2820,0-1,black,win,D01,Rapport-Jobava System,42,Time forfeit,180+0,Standard,"[""0:03:00"", ""0:03:00"", ""0:02:59"", ""0:02:59"", ""0:02:58"", ""0:02:58"", ""0:02:57"", ""0:02:58"", ""0:02:56"", ""0:02:57"", ""0:02:56"", ""0:02:52"", ""0:02:55"", ""0:02:50"", ""0:02:54"", ""0:02:48"", ""0:02:53"", ""0:02:47"", ""0:02:49"", ""0:02:46"", ""0:02:48"", ""0:02:44"", ""0:02:48"", ""0:02:43"", ""0:02:46"", ""0:02:36"", ""0:02:44"", ""0:02:35"", ""0:02:36"", ""0:02:31"", ""0:02:36"", ""0:02:29"", ""0:02:31"", ""0:02:28"", ""0:02:29"", ""0:02:27"", ""0:02:28"", ""0:02:26"", ""0:02:27"", ""0:02:21"", ""0:02:24"", ""0:02:08"", ""0:01:55"", ""0:02:06"", ""0:01:51"", ""0:02:03"", ""0:01:51"", ""0:01:59"", ""0:01:39"", ""0:01:57"", ""0:01:37"", ""0:01:56"", ""0:01:19"", ""0:01:55"", ""0:01:18"", ""0:01:55"", ""0:01:18"", ""0:01:54"", ""0:01:11"", ""0:01:51"", ""0:01:10"", ""0:01:50"", ""0:00:33"", ""0:01:48"", ""0:00:27"", ""0:01:29"", ""0:00:19"", ""0:01:25"", ""0:00:05"", ""0:01:21"", ""0:00:02"", ""0:01:16"", ""0:00:00"", ""0:01:14"", ""0:00:00"", ""0:01:13"", ""0:00:00"", ""0:01:12"", ""0:00:00"", ""0:01:11"", ""0:00:00"", ""0:01:09"", ""0:00:00"", ""0:01:07""]"
"GM Vignesh, N R",36,1,OXVlCqIv,2026.06.03,Goodgoodchess,tufferguy,2835,2820,0-1,white,loss,C02,"French Defense: Advance Variation, Extended Bishop Swap",75,Time forfeit,180+0,Standard,"[""0:03:00"", ""0:03:00"", ""0:02:58"", ""0:03:00"", ""0:02:58"", ""0:02:59"", ""0:02:58"", ""0:02:58"", ""0:02:55"", ""0:02:57"", ""0:02:52"", ""0:02:56"", ""0:02:51"", ""0:02:55"", ""0:02:47"", ""0:02:53"", ""0:02:46"", ""0:02:53"", ""0:02:43"", ""0:02:49"", ""0:02:37"", ""0:02:38"", ""0:02:36"", ""0:02:37"", ""0:02:31"", ""0:02:34"", ""0:02:25"", ""0:02:28"", ""0:02:21"", ""0:02:25"", ""0:02:19"", ""0:02:24"", ""0:02:15"", ""0:02:22"", ""0:02:13"", ""0:02:19"", ""0:02:09"", ""0:02:18"", ""0:02:08"", ""0:02:18"", ""0:02:05"", ""0:02:18"", ""0:02:02"", ""0:01:55"", ""0:02:02"", ""0:01:54"", ""0:01:59"", ""0:01:49"", ""0:01:52"", ""0:01:46"", ""0:01:43"", ""0:01:41"", ""0:01:40"", ""0:01:38"", ""0:01:16"", ""0:01:34"", ""0:01:15"", ""0:01:11"", ""0:01:10"", ""0:01:08"", ""0:01:06"", ""0:01:07"", ""0:01:05"", ""0:01:05"", ""0:01:03"", ""0:01:05"", ""0:00:57"", ""0:01:03"", ""0:00:55"", ""0:01:01"", ""0:00:54"", ""0:00:59"", ""0:00:53"", ""0:00:57"", ""0:00:42"", ""0:00:56"", ""0:00:40"", ""0:00:53"", ""0:00:38"", ""0:00:49"", ""0:00:34"", ""0:00:48"", ""0:00:30"", ""0:00:43"", ""0:00:29"", ""0:00:41"", ""0:00:27"", ""0:00:41"", ""0:00:26"", ""0:00:31"", ""0:00:21"", ""0:00:28"", ""0:00:19"", ""0:00:26"", ""0:00:18"", ""0:00:24"", ""0:00:17"", ""0:00:23"", ""0:00:16"", ""0:00:22"", ""0:00:15"", ""0:00:21"", ""0:00:14"", ""0:00:19"", ""0:00:14"", ""0:00:19"", ""0:00:13"", ""0:00:17"", ""0:00:12"", ""0:00:17"", ""0:00:12"", ""0:00:17"", ""0:00:11"", ""0:00:17"", ""0:00:11"", ""0:00:17"", ""0:00:11"", ""0:00:16"", ""0:00:10"", ""0:00:16"", ""0:00:09"", ""0:00:15"", ""0:00:08"", ""0:00:15"", ""0:00:07"", ""0:00:14"", ""0:00:06"", ""0:00:14"", ""0:00:06"", ""0:00:14"", ""0:00:06"", ""0:00:13"", ""0:00:05"", ""0:00:13"", ""0:00:05"", ""0:00:13"", ""0:00:04"", ""0:00:13"", ""0:00:04"", ""0:00:13"", ""0:00:03"", ""0:00:13"", ""0:00:02"", ""0:00:07"", ""0:00:01"", ""0:00:07"", ""0:00:01"", ""0:00:07"", ""0:00:00"", ""0:00:07""]"
"GM Vignesh, N R",37,1,9dkEGbhc,2026.06.02,vistagusta,Goodgoodchess,2830,2834,1/2-1/2,black,draw,D32,Tarrasch Defense: Symmetrical Variation,35,Normal,180+0,Standard,"[""0:03:00"", ""0:03:00"", ""0:02:59"", ""0:03:00"", ""0:02:58"", ""0:02:59"", ""0:02:57"", ""0:02:59"", ""0:02:56"", ""0:02:58"", ""0:02:56"", ""0:02:57"", ""0:02:55"", ""0:02:55"", ""0:02:54"", ""0:02:54"", ""0:02:49"", ""0:02:53"", ""0:02:49"", ""0:02:52"", ""0:02:43"", ""0:02:51"", ""0:02:41"", ""0:02:48"", ""0:02:37"", ""0:02:47"", ""0:02:33"", ""0:02:45"", ""0:02:33"", ""0:02:45"", ""0:02:24"", ""0:02:39"", ""0:02:23"", ""0:02:25"", ""0:02:17"", ""0:02:21"", ""0:02:12"", ""0:02:07"", ""0:02:05"", ""0:02:04"", ""0:02:03"", ""0:01:59"", ""0:02:02"", ""0:01:58"", ""0:02:01"", ""0:01:58"", ""0:01:44"", ""0:01:57"", ""0:01:44"", ""0:01:50"", ""0:01:36"", ""0:01:47"", ""0:01:32"", ""0:01:42"", ""0:01:31"", ""0:01:34"", ""0:01:28"", ""0:01:32"", ""0:01:24"", ""0:01:16"", ""0:01:07"", ""0:00:22"", ""0:01:02"", ""0:00:20"", ""0:01:02"", ""0:00:18"", ""0:00:27"", ""0:00:17"", ""0:00:26"", ""0:00:17""]"
"GM Vignesh, N R",38,1,RgXky5UJ,2026.06.02,tractorchampion001,Goodgoodchess,2738,2823,0-1,black,win,D36,"Queen's Gambit Declined: Exchange Variation, Reshevsky Variation",53,Normal,180+0,Standard,"[""0:03:00"", ""0:03:00"", ""0:02:58"", ""0:03:00"", ""0:02:57"", ""0:03:00"", ""0:02:57"", ""0:03:00"", ""0:02:56"", ""0:03:00"", ""0:02:55"", ""0:02:59"", ""0:02:55"", ""0:02:58"", ""0:02:54"", ""0:02:57"", ""0:02:53"", ""0:02:57"", ""0:02:50"", ""0:02:52"", ""0:02:48"", ""0:02:43"", ""0:02:45"", ""0:02:35"", ""0:02:43"", ""0:02:33"", ""0:02:41"", ""0:02:32"", ""0:02:38"", ""0:02:31"", ""0:02:37"", ""0:02:27"", ""0:02:28"", ""0:02:23"", ""0:02:26"", ""0:02:19"", ""0:02:24"", ""0:02:14"", ""0:02:18"", ""0:02:11"", ""0:02:17"", ""0:02:07"", ""0:02:07"", ""0:02:06"", ""0:02:07"", ""0:02:02"", ""0:01:56"", ""0:01:59"", ""0:01:55"", ""0:01:45"", ""0:01:54"", ""0:01:43"", ""0:01:53"", ""0:01:43"", ""0:01:43"", ""0:01:37"", ""0:01:29"", ""0:01:28"", ""0:01:25"", ""0:01:20"", ""0:01:19"", ""0:01:20"", ""0:01:16"", ""0:01:19"", ""0:01:07"", ""0:01:07"", ""0:00:54"", ""0:01:04"", ""0:00:53"", ""0:01:00"", ""0:00:51"", ""0:00:54"", ""0:00:50"", ""0:00:36"", ""0:00:47"", ""0:00:34"", ""0:00:46"", ""0:00:32"", ""0:00:44"", ""0:00:31"", ""0:00:44"", ""0:00:30"", ""0:00:42"", ""0:00:28"", ""0:00:41"", ""0:00:28"", ""0:00:40"", ""0:00:26"", ""0:00:39"", ""0:00:24"", ""0:00:35"", ""0:00:23"", ""0:00:35"", ""0:00:22"", ""0:00:34"", ""0:00:22"", ""0:00:34"", ""0:00:21"", ""0:00:28"", ""0:00:21"", ""0:00:28"", ""0:00:20"", ""0:00:28"", ""0:00:19"", ""0:00:28"", ""0:00:19""]"
"GM Vignesh, N R",39,1,b9oGD3O6,2026.05.29,Goodgoodchess,Quibberfluff,2806,2836,1-0,white,win,A14,"English Opening: Agincourt Defense, Neo-Catalan Declined",34,Normal,180+0,Standard,"[""0:03:00"", ""0:03:00"", ""0:02:59"", ""0:03:00"", ""0:02:59"", ""0:02:59"", ""0:02:58"", ""0:02:50"", ""0:02:58"", ""0:02:50"", ""0:02:55"", ""0:02:43"", ""0:02:54"", ""0:02:42"", ""0:02:53"", ""0:02:39"", ""0:02:52"", ""0:02:37"", ""0:02:52"", ""0:02:29"", ""0:02:50"", ""0:02:09"", ""0:02:48"", ""0:02:09"", ""0:02:39"", ""0:02:07"", ""0:02:37"", ""0:02:04"", ""0:02:31"", ""0:01:59"", ""0:02:29"", ""0:01:58"", ""0:02:28"", ""0:01:58"", ""0:02:27"", ""0:01:57"", ""0:02:25"", ""0:01:49"", ""0:02:24"", ""0:01:42"", ""0:02:20"", ""0:01:37"", ""0:02:15"", ""0:01:17"", ""0:02:08"", ""0:01:17"", ""0:01:59"", ""0:01:15"", ""0:01:56"", ""0:01:13"", ""0:01:52"", ""0:01:07"", ""0:01:46"", ""0:00:59"", ""0:01:45"", ""0:00:59"", ""0:01:41"", ""0:00:44"", ""0:01:10"", ""0:00:41"", ""0:01:08"", ""0:00:41"", ""0:01:07"", ""0:00:31"", ""0:01:04"", ""0:00:31"", ""0:01:02""]"
"GM Vignesh, N R",40,1,c5J6iGcE,2026.05.29,shreyash_2007,Goodgoodchess,1952,2280,1-0,black,loss,D00,Queen's Pawn Game: Accelerated London System,44,Normal,300+5,Standard,"[""0:05:00"", ""0:05:00"", ""0:05:04"", ""0:05:01"", ""0:05:08"", ""0:04:59"", ""0:05:12"", ""0:04:13"", ""0:04:48"", ""0:04:01"", ""0:04:47"", ""0:04:00"", ""0:04:45"", ""0:04:03"", ""0:04:29"", ""0:04:05"", ""0:04:23"", ""0:03:59"", ""0:04:19"", ""0:04:01"", ""0:04:19"", ""0:03:46"", ""0:04:08"", ""0:03:51"", ""0:04:09"", ""0:03:26"", ""0:03:58"", ""0:03:28"", ""0:03:59"", ""0:03:26"", ""0:03:14"", ""0:03:26"", ""0:03:15"", ""0:03:26"", ""0:03:15"", ""0:03:08"", ""0:02:53"", ""0:02:45"", ""0:02:55"", ""0:02:50"", ""0:02:48"", ""0:02:53"", ""0:02:37"", ""0:02:45"", ""0:02:38"", ""0:02:29"", ""0:02:05"", ""0:01:46"", ""0:02:03"", ""0:01:51"", ""0:02:07"", ""0:01:55"", ""0:01:53"", ""0:00:31"", ""0:01:54"", ""0:00:35"", ""0:01:29"", ""0:00:38"", ""0:00:49"", ""0:00:40"", ""0:00:52"", ""0:00:23"", ""0:00:45"", ""0:00:15"", ""0:00:29"", ""0:00:12"", ""0:00:32"", ""0:00:17"", ""0:00:29"", ""0:00:21"", ""0:00:29"", ""0:00:25"", ""0:00:27"", ""0:00:29"", ""0:00:30"", ""0:00:33"", ""0:00:32"", ""0:00:36"", ""0:00:35"", ""0:00:41"", ""0:00:39"", ""0:00:42"", ""0:00:15"", ""0:00:42"", ""0:00:19"", ""0:00:46"", ""0:00:23""]"
"GM Vignesh, N R",41,1,86wCQx0n,2026.05.29,Goodgoodchess,shreyash_2007,2280,1952,1-0,white,win,A07,"King's Indian Attack, with e6",30,Normal,300+5,Standard,"[""0:05:00"", ""0:05:00"", ""0:05:04"", ""0:05:03"", ""0:05:08"", ""0:05:07"", ""0:05:12"", ""0:05:12"", ""0:05:11"", ""0:05:16"", ""0:05:14"", ""0:05:19"", ""0:05:18"", ""0:05:22"", ""0:05:21"", ""0:05:03"", ""0:05:24"", ""0:05:05"", ""0:05:23"", ""0:05:08"", ""0:05:27"", ""0:05:06"", ""0:05:25"", ""0:05:09"", ""0:05:27"", ""0:05:09"", ""0:05:28"", ""0:04:55"", ""0:05:29"", ""0:04:35"", ""0:05:26"", ""0:04:31"", ""0:05:04"", ""0:04:11"", ""0:05:07"", ""0:04:16"", ""0:05:12"", ""0:04:03"", ""0:05:15"", ""0:04:07"", ""0:05:14"", ""0:04:12"", ""0:05:16"", ""0:04:17"", ""0:05:14"", ""0:04:16"", ""0:04:50"", ""0:04:00"", ""0:03:11"", ""0:02:56"", ""0:03:16"", ""0:03:00"", ""0:03:18"", ""0:02:57"", ""0:03:18"", ""0:02:40"", ""0:03:14"", ""0:01:46"", ""0:03:08""]"
"GM Vignesh, N R",42,1,VFLkLZ9p,2026.05.29,shreyash_2007,Goodgoodchess,1952,2280,0-1,black,win,D00,Queen's Pawn Game: Accelerated London System,14,Normal,300+5,Standard,"[""0:05:00"", ""0:05:00"", ""0:05:03"", ""0:05:02"", ""0:05:07"", ""0:05:04"", ""0:05:11"", ""0:05:08"", ""0:05:12"", ""0:05:11"", ""0:05:05"", ""0:04:53"", ""0:05:01"", ""0:04:52"", ""0:04:37"", ""0:04:53"", ""0:04:37"", ""0:04:56"", ""0:04:32"", ""0:04:49"", ""0:04:13"", ""0:04:48"", ""0:04:11"", ""0:04:51"", ""0:04:03"", ""0:04:50"", ""0:04:04"", ""0:04:55""]"
"GM Vignesh, N R",43,1,wOHJcKwP,2026.05.29,Goodgoodchess,shreyash_2007,2280,1952,1-0,white,win,A20,English Opening: King's English Variation,46,Normal,300+5,Standard,"[""0:05:00"", ""0:05:00"", ""0:05:04"", ""0:05:01"", ""0:05:07"", ""0:05:03"", ""0:05:10"", ""0:05:06"", ""0:05:12"", ""0:05:10"", ""0:05:17"", ""0:05:14"", ""0:05:20"", ""0:05:18"", ""0:05:22"", ""0:05:13"", ""0:05:18"", ""0:05:11"", ""0:05:21"", ""0:05:10"", ""0:04:28"", ""0:04:19"", ""0:03:50"", ""0:04:20"", ""0:03:55"", ""0:03:53"", ""0:03:50"", ""0:03:47"", ""0:03:52"", ""0:03:46"", ""0:02:31"", ""0:03:36"", ""0:02:35"", ""0:02:55"", ""0:02:32"", ""0:02:50"", ""0:02:26"", ""0:02:48"", ""0:01:40"", ""0:02:34"", ""0:01:32"", ""0:02:08"", ""0:01:37"", ""0:02:03"", ""0:01:20"", ""0:02:03"", ""0:01:16"", ""0:02:04"", ""0:00:39"", ""0:01:58"", ""0:00:44"", ""0:01:23"", ""0:00:46"", ""0:00:50"", ""0:00:42"", ""0:00:49"", ""0:00:34"", ""0:00:29"", ""0:00:31"", ""0:00:26"", ""0:00:27"", ""0:00:26"", ""0:00:24"", ""0:00:28"", ""0:00:22"", ""0:00:20"", ""0:00:22"", ""0:00:11"", ""0:00:21"", ""0:00:16"", ""0:00:11"", ""0:00:19"", ""0:00:13"", ""0:00:23"", ""0:00:16"", ""0:00:24"", ""0:00:16"", ""0:00:23"", ""0:00:20"", ""0:00:25"", ""0:00:23"", ""0:00:16"", ""0:00:23"", ""0:00:18"", ""0:00:23"", ""0:00:20"", ""0:00:25"", ""0:00:23"", ""0:00:26"", ""0:00:09"", ""0:00:28""]"
"GM Vignesh, N R",44,1,2IRzWjLI,2026.05.28,vidipkumarkona,Goodgoodchess,2610,2806,0-1,black,win,A22,"English Opening: King's English Variation, Two Knights Variation",51,Normal,300+3,Standard,"[""0:05:00"", ""0:05:00"", ""0:04:59"", ""0:05:01"", ""0:04:56"", ""0:05:02"", ""0:04:51"", ""0:05:03"", ""0:04:44"", ""0:04:56"", ""0:04:43"", ""0:04:50"", ""0:04:40"", ""0:04:51"", ""0:04:34"", ""0:04:42"", ""0:04:34"", ""0:04:35"", ""0:04:23"", ""0:04:33"", ""0:04:21"", ""0:04:33"", ""0:04:14"", ""0:04:08"", ""0:04:04"", ""0:03:58"", ""0:03:56"", ""0:03:53"", ""0:03:50"", ""0:03:42"", ""0:03:46"", ""0:03:28"", ""0:03:31"", ""0:02:48"", ""0:02:30"", ""0:02:38"", ""0:02:20"", ""0:01:53"", ""0:02:11"", ""0:01:43"", ""0:02:01"", ""0:01:34"", ""0:01:47"", ""0:01:21"", ""0:01:47"", ""0:01:24"", ""0:01:47"", ""0:01:14"", ""0:01:36"", ""0:01:14"", ""0:01:36"", ""0:01:06"", ""0:01:27"", ""0:01:09"", ""0:01:22"", ""0:00:42"", ""0:01:07"", ""0:00:36"", ""0:01:04"", ""0:00:35"", ""0:00:59"", ""0:00:37"", ""0:00:55"", ""0:00:37"", ""0:00:43"", ""0:00:38"", ""0:00:36"", ""0:00:40"", ""0:00:31"", ""0:00:42"", ""0:00:32"", ""0:00:44"", ""0:00:31"", ""0:00:43"", ""0:00:33"", ""0:00:44"", ""0:00:05"", ""0:00:23"", ""0:00:06"", ""0:00:21"", ""0:00:09"", ""0:00:21"", ""0:00:12"", ""0:00:19"", ""0:00:13"", ""0:00:16"", ""0:00:12"", ""0:00:18"", ""0:00:14"", ""0:00:18"", ""0:00:16"", ""0:00:21"", ""0:00:14"", ""0:00:17"", ""0:00:14"", ""0:00:19"", ""0:00:15"", ""0:00:19"", ""0:00:16"", ""0:00:21"", ""0:00:18"", ""0:00:22""]"
"GM Vignesh, N R",45,1,d9okbfaS,2026.05.28,Goodgoodchess,vidipkumarkona,2806,2610,1-0,white,win,B12,Caro-Kann Defense: Modern Variation,22,Normal,300+3,Standard,"[""0:05:00"", ""0:05:00"", ""0:05:00"", ""0:05:00"", ""0:05:03"", ""0:05:00"", ""0:04:59"", ""0:04:59"", ""0:04:49"", ""0:04:58"", ""0:04:49"", ""0:04:50"", ""0:04:51"", ""0:04:42"", ""0:04:52"", ""0:04:41"", ""0:04:49"", ""0:04:34"", ""0:04:50"", ""0:04:23"", ""0:04:51"", ""0:04:15"", ""0:04:41"", ""0:04:00"", ""0:04:13"", ""0:03:53"", ""0:03:24"", ""0:03:39"", ""0:03:02"", ""0:03:35"", ""0:02:41"", ""0:03:32"", ""0:02:43"", ""0:03:26"", ""0:02:41"", ""0:03:22"", ""0:02:08"", ""0:03:04"", ""0:02:01"", ""0:02:47"", ""0:02:02"", ""0:02:49"", ""0:02:04""]"
"GM Vignesh, N R",46,1,KSDJDhv0,2026.05.27,Goodgoodchess,yoey29,2280,1987,1-0,white,win,B96,Sicilian Defense: Najdorf Variation,23,Normal,300+5,Standard,"[""0:05:00"", ""0:05:00"", ""0:05:04"", ""0:05:04"", ""0:05:09"", ""0:05:09"", ""0:05:13"", ""0:05:14"", ""0:05:18"", ""0:05:19"", ""0:05:23"", ""0:05:22"", ""0:05:26"", ""0:05:21"", ""0:05:27"", ""0:05:21"", ""0:05:11"", ""0:05:23"", ""0:05:09"", ""0:05:18"", ""0:04:58"", ""0:05:07"", ""0:03:35"", ""0:04:38"", ""0:03:38"", ""0:03:52"", ""0:03:38"", ""0:03:25"", ""0:03:24"", ""0:01:42"", ""0:03:20"", ""0:01:44"", ""0:03:16"", ""0:01:47"", ""0:02:55"", ""0:01:26"", ""0:01:44"", ""0:01:30"", ""0:01:43"", ""0:00:25"", ""0:01:19"", ""0:00:21"", ""0:01:09"", ""0:00:24"", ""0:00:58""]"
"GM Vignesh, N R",47,1,E8GybWdN,2026.05.27,yoey29,Goodgoodchess,1987,2280,0-1,black,win,B92,"Sicilian Defense: Najdorf Variation, Opocensky Variation, Traditional Line",54,Normal,300+5,Standard,"[""0:05:00"", ""0:05:00"", ""0:05:03"", ""0:05:05"", ""0:05:07"", ""0:05:09"", ""0:05:11"", ""0:05:14"", ""0:05:16"", ""0:05:19"", ""0:05:21"", ""0:05:23"", ""0:05:23"", ""0:05:27"", ""0:05:15"", ""0:05:30"", ""0:05:19"", ""0:05:33"", ""0:05:17"", ""0:05:35"", ""0:04:43"", ""0:05:34"", ""0:04:18"", ""0:05:33"", ""0:04:20"", ""0:05:36"", ""0:04:24"", ""0:05:31"", ""0:04:24"", ""0:05:31"", ""0:03:50"", ""0:05:34"", ""0:03:20"", ""0:05:07"", ""0:02:56"", ""0:05:10"", ""0:03:00"", ""0:05:13"", ""0:02:21"", ""0:03:29"", ""0:02:08"", ""0:03:21"", ""0:02:09"", ""0:03:24"", ""0:01:55"", ""0:03:24"", ""0:01:13"", ""0:03:27"", ""0:00:55"", ""0:03:28"", ""0:00:59"", ""0:03:29"", ""0:00:42"", ""0:03:08"", ""0:00:14"", ""0:03:13"", ""0:00:19"", ""0:03:16"", ""0:00:20"", ""0:03:07"", ""0:00:16"", ""0:03:01"", ""0:00:16"", ""0:02:51"", ""0:00:21"", ""0:02:56"", ""0:00:25"", ""0:03:00"", ""0:00:15"", ""0:03:00"", ""0:00:19"", ""0:02:51"", ""0:00:22"", ""0:02:38"", ""0:00:25"", ""0:02:33"", ""0:00:26"", ""0:02:35"", ""0:00:10"", ""0:02:31"", ""0:00:09"", ""0:02:27"", ""0:00:12"", ""0:02:25"", ""0:00:15"", ""0:02:20"", ""0:00:19"", ""0:02:17"", ""0:00:15"", ""0:02:20"", ""0:00:17"", ""0:02:10"", ""0:00:21"", ""0:02:08"", ""0:00:24"", ""0:02:07"", ""0:00:26"", ""0:02:06"", ""0:00:30"", ""0:02:04"", ""0:00:29"", ""0:02:01"", ""0:00:31"", ""0:02:04"", ""0:00:31"", ""0:02:03"", ""0:00:32"", ""0:02:06""]"
"GM Vignesh, N R",48,1,XxTaGnOh,2026.05.27,evg85,Goodgoodchess,2823,2822,1-0,black,loss,B12,"Caro-Kann Defense: Advance Variation, Tal Variation",57,Normal,180+0,Standard,"[""0:03:00"", ""0:03:00"", ""0:02:59"", ""0:02:59"", ""0:02:57"", ""0:02:57"", ""0:02:55"", ""0:02:56"", ""0:02:54"", ""0:02:55"", ""0:02:54"", ""0:02:50"", ""0:02:49"", ""0:02:39"", ""0:02:48"", ""0:02:38"", ""0:02:47"", ""0:02:37"", ""0:02:47"", ""0:02:35"", ""0:02:46"", ""0:02:32"", ""0:02:45"", ""0:02:29"", ""0:02:43"", ""0:02:24"", ""0:02:37"", ""0:02:21"", ""0:02:31"", ""0:02:18"", ""0:02:30"", ""0:02:18"", ""0:02:25"", ""0:02:07"", ""0:02:23"", ""0:01:48"", ""0:02:19"", ""0:01:47"", ""0:02:19"", ""0:01:35"", ""0:02:17"", ""0:01:26"", ""0:02:10"", ""0:01:23"", ""0:02:09"", ""0:01:21"", ""0:02:02"", ""0:01:18"", ""0:01:50"", ""0:01:11"", ""0:01:44"", ""0:01:02"", ""0:01:42"", ""0:01:00"", ""0:01:39"", ""0:00:54"", ""0:01:34"", ""0:00:53"", ""0:01:34"", ""0:00:52"", ""0:01:26"", ""0:00:52"", ""0:01:25"", ""0:00:52"", ""0:01:23"", ""0:00:51"", ""0:01:23"", ""0:00:51"", ""0:01:22"", ""0:00:51"", ""0:01:14"", ""0:00:46"", ""0:01:12"", ""0:00:46"", ""0:01:10"", ""0:00:45"", ""0:01:08"", ""0:00:44"", ""0:01:07"", ""0:00:44"", ""0:01:06"", ""0:00:43"", ""0:01:04"", ""0:00:42"", ""0:01:03"", ""0:00:41"", ""0:00:59"", ""0:00:41"", ""0:00:57"", ""0:00:38"", ""0:00:56"", ""0:00:37"", ""0:00:55"", ""0:00:35"", ""0:00:53"", ""0:00:33"", ""0:00:52"", ""0:00:32"", ""0:00:51"", ""0:00:30"", ""0:00:50"", ""0:00:29"", ""0:00:49"", ""0:00:27"", ""0:00:47"", ""0:00:24"", ""0:00:46"", ""0:00:24"", ""0:00:45"", ""0:00:16"", ""0:00:41"", ""0:00:13"", ""0:00:40""]"
"GM Vignesh, N R",49,1,E7kzvIZV,2026.05.27,Goodgoodchess,okriak,2809,2730,1-0,white,win,C77,"Ruy Lopez: Morphy Defense, Anderssen Variation",58,Time forfeit,180+0,Standard,"[""0:03:00"", ""0:03:00"", ""0:02:57"", ""0:02:59"", ""0:02:55"", ""0:02:59"", ""0:02:54"", ""0:02:58"", ""0:02:53"", ""0:02:57"", ""0:02:52"", ""0:02:53"", ""0:02:51"", ""0:02:53"", ""0:02:51"", ""0:02:27"", ""0:02:48"", ""0:02:19"", ""0:02:44"", ""0:02:16"", ""0:02:43"", ""0:02:14"", ""0:02:31"", ""0:02:11"", ""0:02:16"", ""0:02:06"", ""0:02:13"", ""0:01:57"", ""0:02:04"", ""0:01:54"", ""0:02:00"", ""0:01:49"", ""0:01:57"", ""0:01:48"", ""0:01:51"", ""0:01:47"", ""0:01:50"", ""0:01:45"", ""0:01:48"", ""0:01:44"", ""0:01:44"", ""0:01:20"", ""0:01:43"", ""0:01:19"", ""0:01:37"", ""0:01:09"", ""0:01:32"", ""0:01:07"", ""0:01:28"", ""0:01:05"", ""0:01:28"", ""0:01:03"", ""0:01:25"", ""0:01:02"", ""0:01:21"", ""0:01:01"", ""0:01:15"", ""0:00:57"", ""0:01:11"", ""0:00:50"", ""0:01:08"", ""0:00:49"", ""0:00:41"", ""0:00:30"", ""0:00:37"", ""0:00:29"", ""0:00:35"", ""0:00:29"", ""0:00:32"", ""0:00:26"", ""0:00:31"", ""0:00:24"", ""0:00:26"", ""0:00:23"", ""0:00:22"", ""0:00:21"", ""0:00:18"", ""0:00:19"", ""0:00:16"", ""0:00:18"", ""0:00:15"", ""0:00:15"", ""0:00:14"", ""0:00:13"", ""0:00:12"", ""0:00:12"", ""0:00:12"", ""0:00:10"", ""0:00:10"", ""0:00:10"", ""0:00:08"", ""0:00:08"", ""0:00:08"", ""0:00:07"", ""0:00:07"", ""0:00:07"", ""0:00:07"", ""0:00:05"", ""0:00:06"", ""0:00:05"", ""0:00:05"", ""0:00:05"", ""0:00:04"", ""0:00:04"", ""0:00:04"", ""0:00:03"", ""0:00:03"", ""0:00:03"", ""0:00:03"", ""0:00:03"", ""0:00:02"", ""0:00:01"", ""0:00:02"", ""0:00:01"", ""0:00:02""]"
"GM Vignesh, N R",50,1,H9jURKC5,2026.05.27,BartoszSocko,Goodgoodchess,2769,2811,1/2-1/2,black,draw,A00,Hungarian Opening,65,Normal,180+0,Standard,"[""0:03:00"", ""0:03:00"", ""0:02:59"", ""0:02:59"", ""0:02:57"", ""0:02:54"", ""0:02:56"", ""0:02:53"", ""0:02:55"", ""0:02:52"", ""0:02:52"", ""0:02:49"", ""0:02:51"", ""0:02:48"", ""0:02:49"", ""0:02:44"", ""0:02:47"", ""0:02:19"", ""0:02:42"", ""0:02:10"", ""0:02:33"", ""0:02:09"", ""0:02:32"", ""0:02:01"", ""0:02:26"", ""0:02:00"", ""0:02:18"", ""0:01:57"", ""0:02:12"", ""0:01:55"", ""0:02:10"", ""0:01:49"", ""0:02:05"", ""0:01:47"", ""0:02:03"", ""0:01:44"", ""0:01:44"", ""0:01:43"", ""0:01:42"", ""0:01:43"", ""0:01:42"", ""0:01:36"", ""0:01:37"", ""0:01:22"", ""0:01:37"", ""0:01:21"", ""0:01:33"", ""0:01:21"", ""0:01:30"", ""0:01:15"", ""0:01:26"", ""0:01:13"", ""0:01:26"", ""0:01:12"", ""0:01:25"", ""0:01:06"", ""0:01:20"", ""0:01:01"", ""0:01:17"", ""0:01:00"", ""0:01:14"", ""0:00:52"", ""0:01:14"", ""0:00:51"", ""0:01:13"", ""0:00:50"", ""0:01:11"", ""0:00:46"", ""0:01:09"", ""0:00:44"", ""0:01:04"", ""0:00:40"", ""0:01:04"", ""0:00:39"", ""0:01:04"", ""0:00:34"", ""0:00:58"", ""0:00:32"", ""0:00:57"", ""0:00:32"", ""0:00:43"", ""0:00:31"", ""0:00:42"", ""0:00:31"", ""0:00:40"", ""0:00:26"", ""0:00:31"", ""0:00:25"", ""0:00:29"", ""0:00:23"", ""0:00:29"", ""0:00:21"", ""0:00:27"", ""0:00:20"", ""0:00:25"", ""0:00:20"", ""0:00:24"", ""0:00:19"", ""0:00:22"", ""0:00:19"", ""0:00:22"", ""0:00:15"", ""0:00:14"", ""0:00:14"", ""0:00:14"", ""0:00:13"", ""0:00:14"", ""0:00:12"", ""0:00:14"", ""0:00:12"", ""0:00:14"", ""0:00:12"", ""0:00:13"", ""0:00:11"", ""0:00:12"", ""0:00:10"", ""0:00:11"", ""0:00:09"", ""0:00:09"", ""0:00:09"", ""0:00:09"", ""0:00:08"", ""0:00:09"", ""0:00:07"", ""0:00:09"", ""0:00:07"", ""0:00:09"", ""0:00:06"", ""0:00:09""]"
"GM Vignesh, N R",51,1,u1ytmJZU,2026.05.24,Goodgoodchess,Fabsid,2793,2793,1-0,white,win,B19,"Caro-Kann Defense: Classical Variation, Lobron System",30,Normal,180+0,Standard,"[""0:03:00"", ""0:03:00"", ""0:02:58"", ""0:03:00"", ""0:02:57"", ""0:02:59"", ""0:02:57"", ""0:02:58"", ""0:02:57"", ""0:02:58"", ""0:02:57"", ""0:02:57"", ""0:02:56"", ""0:02:56"", ""0:02:56"", ""0:02:56"", ""0:02:56"", ""0:02:55"", ""0:02:56"", ""0:02:54"", ""0:02:56"", ""0:02:53"", ""0:02:56"", ""0:02:53"", ""0:02:55"", ""0:02:52"", ""0:02:54"", ""0:02:51"", ""0:02:53"", ""0:02:51"", ""0:02:52"", ""0:02:51"", ""0:02:52"", ""0:02:50"", ""0:02:52"", ""0:02:50"", ""0:02:52"", ""0:02:49"", ""0:02:50"", ""0:02:48"", ""0:02:50"", ""0:02:47"", ""0:02:49"", ""0:02:39"", ""0:02:47"", ""0:02:25"", ""0:02:37"", ""0:02:11"", ""0:02:11"", ""0:02:00"", ""0:01:45"", ""0:02:00"", ""0:01:42"", ""0:00:56"", ""0:01:31"", ""0:00:42"", ""0:01:07"", ""0:00:37"", ""0:01:02""]"
"GM Vignesh, N R",52,1,YeqYdonn,2026.05.24,ARM__55555,Goodgoodchess,2832,2810,1-0,black,loss,B12,"Caro-Kann Defense: Advance Variation, Tal Variation",32,Time forfeit,180+0,Standard,"[""0:03:00"", ""0:03:00"", ""0:02:58"", ""0:03:00"", ""0:02:58"", ""0:02:57"", ""0:02:57"", ""0:02:55"", ""0:02:55"", ""0:02:53"", ""0:02:55"", ""0:02:53"", ""0:02:54"", ""0:02:51"", ""0:02:51"", ""0:02:48"", ""0:02:49"", ""0:02:47"", ""0:02:47"", ""0:02:45"", ""0:02:46"", ""0:02:42"", ""0:02:39"", ""0:02:40"", ""0:02:33"", ""0:02:39"", ""0:02:15"", ""0:02:20"", ""0:02:07"", ""0:02:08"", ""0:02:07"", ""0:02:07"", ""0:02:03"", ""0:01:56"", ""0:01:57"", ""0:01:43"", ""0:01:47"", ""0:01:28"", ""0:01:47"", ""0:01:23"", ""0:01:39"", ""0:01:08"", ""0:01:36"", ""0:01:04"", ""0:01:29"", ""0:00:59"", ""0:01:18"", ""0:00:44"", ""0:01:14"", ""0:00:31"", ""0:01:10"", ""0:00:24"", ""0:01:09"", ""0:00:23"", ""0:00:52"", ""0:00:18"", ""0:00:46"", ""0:00:16"", ""0:00:40"", ""0:00:16"", ""0:00:39"", ""0:00:09"", ""0:00:37""]"
"GM Vignesh, N R",53,1,AjZ5u5WG,2026.05.24,Goodgoodchess,Fabsid,2812,2794,1/2-1/2,white,draw,B19,"Caro-Kann Defense: Classical Variation, Lobron System",56,Normal,180+0,Standard,"[""0:03:00"", ""0:03:00"", ""0:02:59"", ""0:03:00"", ""0:02:58"", ""0:02:59"", ""0:02:58"", ""0:02:59"", ""0:02:57"", ""0:02:58"", ""0:02:57"", ""0:02:57"", ""0:02:57"", ""0:02:57"", ""0:02:57"", ""0:02:56"", ""0:02:57"", ""0:02:56"", ""0:02:57"", ""0:02:55"", ""0:02:57"", ""0:02:54"", ""0:02:57"", ""0:02:54"", ""0:02:56"", ""0:02:54"", ""0:02:55"", ""0:02:53"", ""0:02:49"", ""0:02:52"", ""0:02:44"", ""0:02:51"", ""0:02:43"", ""0:02:51"", ""0:02:42"", ""0:02:50"", ""0:02:41"", ""0:02:49"", ""0:02:39"", ""0:02:48"", ""0:02:33"", ""0:02:39"", ""0:02:29"", ""0:02:39"", ""0:02:28"", ""0:02:35"", ""0:02:23"", ""0:02:33"", ""0:02:22"", ""0:02:31"", ""0:02:15"", ""0:02:31"", ""0:02:05"", ""0:02:27"", ""0:01:55"", ""0:02:23"", ""0:01:48"", ""0:02:22"", ""0:01:41"", ""0:02:20"", ""0:01:37"", ""0:02:19"", ""0:01:30"", ""0:02:18"", ""0:01:28"", ""0:02:15"", ""0:01:23"", ""0:02:09"", ""0:01:22"", ""0:02:08"", ""0:01:21"", ""0:02:03"", ""0:01:18"", ""0:02:02"", ""0:01:16"", ""0:02:02"", ""0:01:15"", ""0:01:50"", ""0:01:12"", ""0:01:47"", ""0:01:11"", ""0:01:40"", ""0:01:04"", ""0:01:39"", ""0:01:01"", ""0:01:27"", ""0:01:00"", ""0:01:26"", ""0:00:57"", ""0:01:26"", ""0:00:56"", ""0:01:19"", ""0:00:52"", ""0:01:18"", ""0:00:43"", ""0:01:18"", ""0:00:41"", ""0:01:08"", ""0:00:40"", ""0:01:06"", ""0:00:39"", ""0:01:04"", ""0:00:38"", ""0:01:03"", ""0:00:37"", ""0:01:03"", ""0:00:36"", ""0:01:02"", ""0:00:36"", ""0:01:02"", ""0:00:35""]"
"GM Vignesh, N R",54,1,BaJIlIGy,2026.05.24,Goodgoodchess,Chessbee111,2280,1749,1-0,white,win,D37,Queen's Gambit Declined: Three Knights Variation,31,Normal,600+5,Standard,"[""0:10:00"", ""0:10:00"", ""0:10:03"", ""0:10:02"", ""0:09:44"", ""0:10:04"", ""0:09:47"", ""0:10:07"", ""0:09:45"", ""0:09:59"", ""0:09:40"", ""0:09:59"", ""0:09:40"", ""0:10:00"", ""0:09:42"", ""0:10:05"", ""0:09:46"", ""0:10:04"", ""0:09:39"", ""0:10:06"", ""0:09:43"", ""0:10:08"", ""0:09:41"", ""0:09:48"", ""0:09:41"", ""0:09:35"", ""0:09:45"", ""0:09:29"", ""0:09:48"", ""0:09:33"", ""0:09:50"", ""0:09:35"", ""0:09:49"", ""0:09:24"", ""0:09:51"", ""0:09:23"", ""0:09:49"", ""0:09:24"", ""0:09:17"", ""0:09:27"", ""0:07:59"", ""0:09:24"", ""0:07:42"", ""0:09:16"", ""0:06:57"", ""0:09:09"", ""0:05:48"", ""0:09:00"", ""0:05:25"", ""0:08:38"", ""0:04:12"", ""0:08:28"", ""0:04:11"", ""0:08:12"", ""0:04:08"", ""0:08:15"", ""0:04:07"", ""0:08:15"", ""0:04:07"", ""0:08:12"", ""0:03:52""]"
"GM Vignesh, N R",55,1,Bjg8CltL,2026.05.24,Chessbee111,Goodgoodchess,1749,2280,0-1,black,win,B20,Sicilian Defense,30,Normal,600+5,Standard,"[""0:10:00"", ""0:10:00"", ""0:10:01"", ""0:10:01"", ""0:10:05"", ""0:10:04"", ""0:10:08"", ""0:10:07"", ""0:10:12"", ""0:10:06"", ""0:10:15"", ""0:09:50"", ""0:10:03"", ""0:09:54"", ""0:10:06"", ""0:09:57"", ""0:10:06"", ""0:09:58"", ""0:10:08"", ""0:09:58"", ""0:10:12"", ""0:09:57"", ""0:10:06"", ""0:10:01"", ""0:10:06"", ""0:09:57"", ""0:10:07"", ""0:09:57"", ""0:10:03"", ""0:09:55"", ""0:10:04"", ""0:09:53"", ""0:10:04"", ""0:09:49"", ""0:10:01"", ""0:09:49"", ""0:10:00"", ""0:09:53"", ""0:09:57"", ""0:09:53"", ""0:09:45"", ""0:09:46"", ""0:09:40"", ""0:09:50"", ""0:09:37"", ""0:09:49"", ""0:09:40"", ""0:09:51"", ""0:09:39"", ""0:08:53"", ""0:09:34"", ""0:08:34"", ""0:09:39"", ""0:08:22"", ""0:09:41"", ""0:08:21"", ""0:09:46"", ""0:08:24"", ""0:09:50"", ""0:08:22""]"
"GM Vignesh, N R",56,1,JSnCK6l9,2026.05.24,Goodgoodchess,Chessbee111,2280,1749,1-0,white,win,B30,Sicilian Defense: Old Sicilian,12,Normal,600+5,Standard,"[""0:10:00"", ""0:10:00"", ""0:10:02"", ""0:09:54"", ""0:10:00"", ""0:09:54"", ""0:10:00"", ""0:09:55"", ""0:10:05"", ""0:09:55"", ""0:10:07"", ""0:09:59"", ""0:09:51"", ""0:09:55"", ""0:09:54"", ""0:10:00"", ""0:09:59"", ""0:10:03"", ""0:10:02"", ""0:09:51"", ""0:10:04"", ""0:09:52"", ""0:09:13""]"
"GM Vignesh, N R",57,1,txpV4q7C,2026.05.24,Chessbee111,Goodgoodchess,1749,2280,0-1,black,win,D01,Rapport-Jobava System,37,Normal,600+5,Standard,"[""0:10:00"", ""0:10:00"", ""0:10:03"", ""0:10:03"", ""0:09:57"", ""0:10:05"", ""0:09:56"", ""0:10:07"", ""0:09:44"", ""0:10:10"", ""0:09:43"", ""0:10:13"", ""0:09:41"", ""0:10:16"", ""0:09:13"", ""0:09:58"", ""0:09:10"", ""0:09:54"", ""0:08:59"", ""0:09:52"", ""0:08:55"", ""0:09:20"", ""0:08:51"", ""0:09:23"", ""0:08:53"", ""0:09:27"", ""0:08:52"", ""0:09:31"", ""0:08:54"", ""0:09:31"", ""0:08:54"", ""0:09:34"", ""0:08:54"", ""0:09:33"", ""0:08:52"", ""0:09:36"", ""0:08:49"", ""0:09:35"", ""0:08:49"", ""0:09:04"", ""0:08:37"", ""0:09:05"", ""0:08:32"", ""0:09:03"", ""0:08:21"", ""0:09:01"", ""0:08:15"", ""0:08:54"", ""0:07:46"", ""0:08:57"", ""0:07:22"", ""0:08:50"", ""0:07:13"", ""0:08:18"", ""0:07:09"", ""0:08:21"", ""0:07:05"", ""0:08:23"", ""0:07:09"", ""0:08:22"", ""0:07:04"", ""0:08:24"", ""0:07:05"", ""0:08:20"", ""0:07:06"", ""0:08:22"", ""0:07:07"", ""0:08:25"", ""0:07:10"", ""0:08:02"", ""0:06:52"", ""0:07:59"", ""0:06:52"", ""0:07:55""]"
"GM Vignesh, N R",58,1,UtkSZf2B,2026.05.23,Xolopi,Goodgoodchess,2766,2814,1/2-1/2,black,draw,B22,Sicilian Defense: Alapin Variation,23,Normal,180+2,Standard,"[""0:03:00"", ""0:03:00"", ""0:03:01"", ""0:03:00"", ""0:03:02"", ""0:03:01"", ""0:03:03"", ""0:03:01"", ""0:03:05"", ""0:03:01"", ""0:03:05"", ""0:03:00"", ""0:03:06"", ""0:02:55"", ""0:03:06"", ""0:02:53"", ""0:03:08"", ""0:02:52"", ""0:03:08"", ""0:02:49"", ""0:03:07"", ""0:02:48"", ""0:03:04"", ""0:02:47"", ""0:02:56"", ""0:02:46"", ""0:02:49"", ""0:02:43"", ""0:02:49"", ""0:02:45"", ""0:02:36"", ""0:02:44"", ""0:02:37"", ""0:02:44"", ""0:02:35"", ""0:02:39"", ""0:02:30"", ""0:02:39"", ""0:02:21"", ""0:02:35"", ""0:02:09"", ""0:02:30"", ""0:01:05"", ""0:02:20"", ""0:00:58""]"
"GM Vignesh, N R",59,1,xywkVGqy,2026.05.22,shreyash_2007,Goodgoodchess,1952,2280,0-1,black,win,B92,"Sicilian Defense: Najdorf Variation, Opocensky Variation",32,Normal,300+5,Standard,"[""0:05:00"", ""0:05:00"", ""0:05:03"", ""0:05:03"", ""0:05:07"", ""0:05:09"", ""0:05:11"", ""0:05:12"", ""0:05:15"", ""0:05:16"", ""0:05:04"", ""0:05:20"", ""0:05:09"", ""0:05:19"", ""0:05:00"", ""0:05:21"", ""0:05:00"", ""0:05:13"", ""0:05:02"", ""0:05:12"", ""0:05:05"", ""0:05:15"", ""0:04:53"", ""0:04:49"", ""0:04:42"", ""0:04:43"", ""0:04:32"", ""0:04:43"", ""0:04:37"", ""0:04:42"", ""0:04:27"", ""0:04:34"", ""0:04:09"", ""0:04:38"", ""0:04:09"", ""0:04:36"", ""0:04:06"", ""0:04:41"", ""0:03:47"", ""0:04:27"", ""0:02:45"", ""0:04:29"", ""0:02:49"", ""0:04:00"", ""0:01:52"", ""0:03:47"", ""0:01:51"", ""0:03:40"", ""0:01:44"", ""0:03:43"", ""0:01:43"", ""0:03:25"", ""0:01:34"", ""0:03:21"", ""0:00:42"", ""0:02:38"", ""0:00:42"", ""0:02:42"", ""0:00:45"", ""0:02:45"", ""0:00:25"", ""0:02:01"", ""0:00:12"", ""0:02:01""]"
"GM Vignesh, N R",60,1,uYz5EgbK,2026.05.22,Goodgoodchess,shreyash_2007,2280,1952,1-0,white,win,D35,"Queen's Gambit Declined: Exchange Variation, Positional Variation",39,Normal,300+5,Standard,"[""0:05:00"", ""0:05:00"", ""0:05:04"", ""0:05:03"", ""0:05:07"", ""0:05:07"", ""0:05:07"", ""0:05:11"", ""0:05:10"", ""0:05:15"", ""0:05:13"", ""0:05:15"", ""0:05:17"", ""0:05:11"", ""0:05:20"", ""0:05:10"", ""0:05:23"", ""0:05:10"", ""0:05:26"", ""0:05:09"", ""0:05:26"", ""0:05:13"", ""0:05:29"", ""0:05:09"", ""0:05:27"", ""0:05:12"", ""0:05:26"", ""0:05:12"", ""0:05:19"", ""0:04:21"", ""0:05:18"", ""0:04:24"", ""0:05:20"", ""0:04:11"", ""0:05:19"", ""0:04:07"", ""0:05:19"", ""0:04:11"", ""0:05:15"", ""0:04:01"", ""0:05:20"", ""0:03:20"", ""0:04:57"", ""0:03:22"", ""0:04:35"", ""0:02:44"", ""0:04:14"", ""0:01:42"", ""0:04:05"", ""0:01:44"", ""0:04:05"", ""0:01:46"", ""0:03:24"", ""0:01:44"", ""0:03:28"", ""0:01:39"", ""0:03:19"", ""0:00:39"", ""0:03:19"", ""0:00:43"", ""0:03:22"", ""0:00:42"", ""0:03:20"", ""0:00:45"", ""0:03:23"", ""0:00:45"", ""0:03:16"", ""0:00:47"", ""0:03:18"", ""0:00:50"", ""0:03:23"", ""0:00:41"", ""0:03:26"", ""0:00:45"", ""0:03:23"", ""0:00:47"", ""0:03:26""]"
"GM Vignesh, N R",61,1,n01iWA7E,2026.05.21,Goodgoodchess,yoey29,2280,1987,1-0,white,win,E05,"Catalan Opening: Open Defense, Classical Line",30,Normal,300+5,Standard,"[""0:05:00"", ""0:05:00"", ""0:05:04"", ""0:05:04"", ""0:05:07"", ""0:05:08"", ""0:05:07"", ""0:05:12"", ""0:05:11"", ""0:05:17"", ""0:05:15"", ""0:05:20"", ""0:05:19"", ""0:05:24"", ""0:05:20"", ""0:05:28"", ""0:05:14"", ""0:05:30"", ""0:05:16"", ""0:05:33"", ""0:04:58"", ""0:05:28"", ""0:04:03"", ""0:05:33"", ""0:04:07"", ""0:04:19"", ""0:04:02"", ""0:04:16"", ""0:03:51"", ""0:04:11"", ""0:03:56"", ""0:04:05"", ""0:04:00"", ""0:04:09"", ""0:04:05"", ""0:03:58"", ""0:03:56"", ""0:03:03"", ""0:03:57"", ""0:03:06"", ""0:04:02"", ""0:03:03"", ""0:03:57"", ""0:01:55"", ""0:04:02"", ""0:01:38"", ""0:03:56"", ""0:01:37"", ""0:04:01"", ""0:00:54"", ""0:03:39"", ""0:00:31"", ""0:03:42"", ""0:00:15"", ""0:03:39"", ""0:00:18"", ""0:03:27"", ""0:00:19"", ""0:03:32""]"
"GM Vignesh, N R",62,1,uMzNPIcq,2026.05.21,yoey29,Goodgoodchess,1987,2280,0-1,black,win,A61,Benoni Defense: Knight's Tour Variation,38,Normal,300+5,Standard,"[""0:05:00"", ""0:05:00"", ""0:05:04"", ""0:05:04"", ""0:05:08"", ""0:05:09"", ""0:05:12"", ""0:05:14"", ""0:05:17"", ""0:05:18"", ""0:05:22"", ""0:05:23"", ""0:05:26"", ""0:05:27"", ""0:05:31"", ""0:05:31"", ""0:05:36"", ""0:05:33"", ""0:05:35"", ""0:05:37"", ""0:05:39"", ""0:05:40"", ""0:05:20"", ""0:05:04"", ""0:04:06"", ""0:05:03"", ""0:03:54"", ""0:04:33"", ""0:03:46"", ""0:04:35"", ""0:03:14"", ""0:04:40"", ""0:03:09"", ""0:04:23"", ""0:02:06"", ""0:03:59"", ""0:01:28"", ""0:03:25"", ""0:01:29"", ""0:02:46"", ""0:01:16"", ""0:02:48"", ""0:01:19"", ""0:02:49"", ""0:01:18"", ""0:02:54"", ""0:01:17"", ""0:02:52"", ""0:01:15"", ""0:02:45"", ""0:01:17"", ""0:01:35"", ""0:01:11"", ""0:01:22"", ""0:01:07"", ""0:01:26"", ""0:01:11"", ""0:01:31"", ""0:01:15"", ""0:01:34"", ""0:01:01"", ""0:01:38"", ""0:00:59"", ""0:01:41"", ""0:00:33"", ""0:01:38"", ""0:00:30"", ""0:01:41"", ""0:00:28"", ""0:01:45"", ""0:00:19"", ""0:01:45"", ""0:00:22"", ""0:01:49"", ""0:00:15"", ""0:01:47""]"
"GM Vignesh, N R",63,1,TOw45Npw,2026.05.21,vidipkumarkona,Goodgoodchess,2610,2814,0-1,black,win,A06,Zukertort Opening,55,Normal,180+0,Standard,"[""0:03:00"", ""0:03:00"", ""0:02:58"", ""0:02:59"", ""0:02:55"", ""0:02:59"", ""0:02:53"", ""0:02:56"", ""0:02:53"", ""0:02:54"", ""0:02:51"", ""0:02:52"", ""0:02:50"", ""0:02:51"", ""0:02:47"", ""0:02:50"", ""0:02:45"", ""0:02:48"", ""0:02:42"", ""0:02:47"", ""0:02:41"", ""0:02:43"", ""0:02:33"", ""0:02:40"", ""0:02:30"", ""0:02:39"", ""0:02:20"", ""0:02:38"", ""0:02:17"", ""0:02:35"", ""0:02:17"", ""0:02:34"", ""0:02:17"", ""0:02:24"", ""0:02:06"", ""0:02:23"", ""0:02:05"", ""0:02:16"", ""0:02:01"", ""0:02:15"", ""0:02:01"", ""0:02:14"", ""0:01:58"", ""0:02:03"", ""0:01:54"", ""0:01:57"", ""0:01:50"", ""0:01:52"", ""0:01:47"", ""0:01:52"", ""0:01:45"", ""0:01:46"", ""0:01:38"", ""0:01:42"", ""0:01:34"", ""0:01:39"", ""0:01:30"", ""0:01:35"", ""0:01:24"", ""0:01:35"", ""0:01:23"", ""0:01:32"", ""0:01:14"", ""0:01:26"", ""0:01:08"", ""0:01:09"", ""0:01:06"", ""0:01:08"", ""0:00:55"", ""0:01:08"", ""0:00:54"", ""0:01:07"", ""0:00:49"", ""0:01:07"", ""0:00:49"", ""0:00:56"", ""0:00:48"", ""0:00:50"", ""0:00:44"", ""0:00:46"", ""0:00:36"", ""0:00:42"", ""0:00:34"", ""0:00:37"", ""0:00:29"", ""0:00:36"", ""0:00:26"", ""0:00:34"", ""0:00:23"", ""0:00:33"", ""0:00:21"", ""0:00:29"", ""0:00:17"", ""0:00:28"", ""0:00:17"", ""0:00:25"", ""0:00:17"", ""0:00:24"", ""0:00:15"", ""0:00:23"", ""0:00:14"", ""0:00:22"", ""0:00:14"", ""0:00:21"", ""0:00:13"", ""0:00:20"", ""0:00:12"", ""0:00:19"", ""0:00:12"", ""0:00:18""]"
"GM Vignesh, N R",64,1,lZDCHKFG,2026.05.21,vidipkumarkona,Goodgoodchess,2610,2814,0-1,black,win,A06,Zukertort Opening,35,Normal,300+3,Standard,"[""0:05:00"", ""0:05:00"", ""0:05:02"", ""0:04:58"", ""0:04:59"", ""0:04:59"", ""0:04:24"", ""0:04:58"", ""0:04:21"", ""0:04:59"", ""0:04:22"", ""0:04:58"", ""0:04:22"", ""0:05:00"", ""0:04:00"", ""0:05:01"", ""0:04:01"", ""0:05:02"", ""0:02:14"", ""0:04:53"", ""0:02:06"", ""0:04:56"", ""0:02:08"", ""0:04:52"", ""0:02:11"", ""0:04:53"", ""0:02:05"", ""0:04:53"", ""0:01:39"", ""0:04:50"", ""0:01:39"", ""0:04:45"", ""0:01:40"", ""0:04:40"", ""0:01:18"", ""0:04:41"", ""0:01:06"", ""0:04:32"", ""0:00:37"", ""0:04:24"", ""0:00:36"", ""0:04:16"", ""0:00:32"", ""0:04:08"", ""0:00:23"", ""0:04:10"", ""0:00:26"", ""0:04:07"", ""0:00:28"", ""0:04:02"", ""0:00:31"", ""0:04:04"", ""0:00:26"", ""0:03:57"", ""0:00:18"", ""0:03:58"", ""0:00:21"", ""0:04:00"", ""0:00:24"", ""0:03:49"", ""0:00:17"", ""0:03:43"", ""0:00:07"", ""0:03:44"", ""0:00:07"", ""0:03:41"", ""0:00:10"", ""0:03:43"", ""0:00:11""]"
"GM Vignesh, N R",65,1,JunLF5yZ,2026.05.21,Goodgoodchess,vidipkumarkona,2814,2610,0-1,white,loss,B15,Caro-Kann Defense: Tartakower Variation,39,Normal,300+3,Standard,"[""0:05:00"", ""0:05:00"", ""0:04:59"", ""0:04:59"", ""0:05:01"", ""0:05:00"", ""0:05:04"", ""0:05:02"", ""0:05:05"", ""0:05:01"", ""0:05:08"", ""0:05:03"", ""0:05:11"", ""0:05:03"", ""0:05:13"", ""0:05:04"", ""0:05:14"", ""0:05:06"", ""0:05:15"", ""0:05:05"", ""0:05:13"", ""0:05:04"", ""0:05:06"", ""0:04:57"", ""0:05:04"", ""0:04:56"", ""0:04:45"", ""0:04:57"", ""0:04:47"", ""0:04:54"", ""0:04:40"", ""0:04:54"", ""0:04:41"", ""0:04:55"", ""0:04:42"", ""0:04:57"", ""0:04:31"", ""0:04:57"", ""0:04:33"", ""0:05:00"", ""0:04:33"", ""0:05:01"", ""0:04:36"", ""0:05:02"", ""0:04:28"", ""0:05:05"", ""0:04:25"", ""0:05:05"", ""0:04:26"", ""0:05:08"", ""0:04:20"", ""0:05:05"", ""0:04:15"", ""0:04:40"", ""0:04:16"", ""0:04:41"", ""0:04:17"", ""0:04:32"", ""0:04:18"", ""0:04:33"", ""0:04:20"", ""0:04:34"", ""0:04:23"", ""0:04:36"", ""0:04:23"", ""0:04:36"", ""0:04:22"", ""0:03:45"", ""0:04:23"", ""0:03:46"", ""0:04:12"", ""0:03:30"", ""0:03:58"", ""0:03:30"", ""0:04:00"", ""0:03:29"", ""0:04:01"", ""0:03:30""]"
"GM Vignesh, N R",66,1,P7iscpMy,2026.05.18,yoey29,Goodgoodchess,1987,2280,0-1,black,win,A61,Benoni Defense: Knight's Tour Variation,24,Normal,300+5,Standard,"[""0:05:00"", ""0:05:00"", ""0:04:58"", ""0:05:04"", ""0:05:01"", ""0:05:06"", ""0:05:05"", ""0:05:09"", ""0:05:10"", ""0:05:14"", ""0:05:14"", ""0:05:18"", ""0:05:18"", ""0:05:20"", ""0:05:23"", ""0:05:24"", ""0:05:27"", ""0:05:28"", ""0:05:24"", ""0:05:30"", ""0:05:28"", ""0:05:30"", ""0:05:31"", ""0:05:34"", ""0:05:13"", ""0:05:32"", ""0:05:17"", ""0:05:24"", ""0:04:22"", ""0:04:54"", ""0:02:55"", ""0:04:19"", ""0:02:55"", ""0:04:22"", ""0:02:59"", ""0:04:25"", ""0:02:57"", ""0:04:10"", ""0:02:57"", ""0:04:15"", ""0:02:02"", ""0:04:20"", ""0:02:02"", ""0:04:03"", ""0:01:33"", ""0:04:05"", ""0:01:21"", ""0:04:06""]"
"GM Vignesh, N R",67,1,0AkQoBPS,2026.05.18,Goodgoodchess,yoey29,2280,1987,1-0,white,win,B30,Sicilian Defense: Nyezhmetdinov-Rossolimo Attack,20,Normal,300+5,Standard,"[""0:05:00"", ""0:05:00"", ""0:05:04"", ""0:05:04"", ""0:05:06"", ""0:05:06"", ""0:05:10"", ""0:05:07"", ""0:05:13"", ""0:05:11"", ""0:05:17"", ""0:05:12"", ""0:05:16"", ""0:05:09"", ""0:05:19"", ""0:05:10"", ""0:05:16"", ""0:05:14"", ""0:05:02"", ""0:03:44"", ""0:05:03"", ""0:03:31"", ""0:04:31"", ""0:03:20"", ""0:04:35"", ""0:02:07"", ""0:03:50"", ""0:02:09"", ""0:03:53"", ""0:02:09"", ""0:03:57"", ""0:02:10"", ""0:03:59"", ""0:00:57"", ""0:03:32"", ""0:00:51"", ""0:03:21"", ""0:00:18"", ""0:03:19""]"
"GM Vignesh, N R",68,1,xKdFFhOk,2026.05.18,yoey29,Goodgoodchess,1987,2280,0-1,black,win,D38,Queen's Gambit Declined: Ragozin Defense,70,Normal,300+5,Standard,"[""0:05:00"", ""0:05:00"", ""0:05:04"", ""0:05:04"", ""0:05:07"", ""0:05:03"", ""0:05:11"", ""0:05:06"", ""0:05:13"", ""0:05:09"", ""0:05:17"", ""0:05:13"", ""0:05:17"", ""0:05:16"", ""0:05:17"", ""0:05:19"", ""0:05:20"", ""0:05:12"", ""0:05:24"", ""0:05:06"", ""0:04:07"", ""0:05:03"", ""0:04:07"", ""0:04:59"", ""0:03:36"", ""0:04:54"", ""0:03:15"", ""0:04:58"", ""0:03:16"", ""0:05:00"", ""0:03:21"", ""0:04:57"", ""0:03:15"", ""0:03:45"", ""0:01:47"", ""0:03:49"", ""0:01:35"", ""0:03:52"", ""0:01:16"", ""0:03:55"", ""0:01:21"", ""0:03:50"", ""0:01:20"", ""0:03:44"", ""0:01:24"", ""0:03:48"", ""0:00:49"", ""0:03:37"", ""0:00:47"", ""0:03:32"", ""0:00:45"", ""0:03:33"", ""0:00:47"", ""0:03:19"", ""0:00:45"", ""0:03:04"", ""0:00:36"", ""0:03:04"", ""0:00:32"", ""0:02:43"", ""0:00:15"", ""0:02:30"", ""0:00:18"", ""0:02:31"", ""0:00:19"", ""0:02:30"", ""0:00:24"", ""0:02:30"", ""0:00:26"", ""0:02:21"", ""0:00:18"", ""0:01:44"", ""0:00:11"", ""0:01:46"", ""0:00:10"", ""0:01:46"", ""0:00:08"", ""0:01:30"", ""0:00:12"", ""0:01:34"", ""0:00:16"", ""0:01:36"", ""0:00:18"", ""0:01:35"", ""0:00:21"", ""0:01:37"", ""0:00:16"", ""0:01:40"", ""0:00:15"", ""0:01:35"", ""0:00:18"", ""0:01:37"", ""0:00:20"", ""0:01:41"", ""0:00:24"", ""0:01:45"", ""0:00:27"", ""0:01:49"", ""0:00:29"", ""0:01:52"", ""0:00:33"", ""0:01:54"", ""0:00:37"", ""0:01:57"", ""0:00:41"", ""0:02:01"", ""0:00:44"", ""0:02:04"", ""0:00:48"", ""0:02:02"", ""0:00:51"", ""0:02:02"", ""0:00:52"", ""0:02:03"", ""0:00:55"", ""0:02:01"", ""0:00:53"", ""0:02:00"", ""0:00:57"", ""0:02:04"", ""0:01:01"", ""0:02:08"", ""0:01:06"", ""0:02:12"", ""0:01:10"", ""0:02:14"", ""0:01:13"", ""0:02:12"", ""0:01:16"", ""0:02:15"", ""0:01:17"", ""0:02:13"", ""0:01:18"", ""0:02:09"", ""0:01:20"", ""0:02:11"", ""0:01:17"", ""0:02:11"", ""0:01:20"", ""0:02:12""]"
"GM Vignesh, N R",69,1,YsAv107z,2026.05.17,Goodgoodchess,Ggrobbmeister,2280,2277,1-0,white,win,A83,Dutch Defense: Staunton Gambit,22,Normal,300+5,Standard,"[""0:05:00"", ""0:05:00"", ""0:04:45"", ""0:04:59"", ""0:04:49"", ""0:05:02"", ""0:04:52"", ""0:05:03"", ""0:04:25"", ""0:05:01"", ""0:04:27"", ""0:04:52"", ""0:04:21"", ""0:04:39"", ""0:04:07"", ""0:04:34"", ""0:04:08"", ""0:04:27"", ""0:03:47"", ""0:03:34"", ""0:03:40"", ""0:02:49"", ""0:03:23"", ""0:02:44"", ""0:03:26"", ""0:02:30"", ""0:03:08"", ""0:01:56"", ""0:03:08"", ""0:01:53"", ""0:03:11"", ""0:01:39"", ""0:03:02"", ""0:01:29"", ""0:03:02"", ""0:01:25"", ""0:02:51"", ""0:00:21"", ""0:02:49"", ""0:00:20"", ""0:02:18"", ""0:00:14"", ""0:02:12""]"
"GM Vignesh, N R",70,1,JI5UbvV9,2026.05.17,Ggrobbmeister,Goodgoodchess,2277,2280,0-1,black,win,A22,"English Opening: King's English Variation, Two Knights Variation",7,Normal,300+5,Standard,"[""0:05:00"", ""0:05:00"", ""0:05:02"", ""0:05:04"", ""0:05:03"", ""0:04:56"", ""0:05:04"", ""0:04:52"", ""0:04:37"", ""0:04:54"", ""0:04:41"", ""0:04:56"", ""0:04:35"", ""0:04:55""]"
"GM Vignesh, N R",71,1,QrLFPogw,2026.05.17,Goodgoodchess,Ggrobbmeister,2280,2277,1-0,white,win,C02,"French Defense: Advance Variation, Paulsen Attack",23,Normal,300+5,Standard,"[""0:05:00"", ""0:05:00"", ""0:05:03"", ""0:05:05"", ""0:05:08"", ""0:05:08"", ""0:05:12"", ""0:05:12"", ""0:05:15"", ""0:05:15"", ""0:05:19"", ""0:05:19"", ""0:04:52"", ""0:05:16"", ""0:04:53"", ""0:05:18"", ""0:04:09"", ""0:05:19"", ""0:03:46"", ""0:05:10"", ""0:03:41"", ""0:05:01"", ""0:03:38"", ""0:04:52"", ""0:03:13"", ""0:04:39"", ""0:02:19"", ""0:03:47"", ""0:02:24"", ""0:03:48"", ""0:02:26"", ""0:03:03"", ""0:01:52"", ""0:02:24"", ""0:00:39"", ""0:01:09"", ""0:00:41"", ""0:01:03"", ""0:00:38"", ""0:00:42"", ""0:00:41"", ""0:00:44"", ""0:00:44"", ""0:00:34"", ""0:00:40""]"
"GM Vignesh, N R",72,1,9tfpb3JC,2026.05.17,Ggrobbmeister,Goodgoodchess,2277,2280,0-1,black,win,B90,"Sicilian Defense: Najdorf Variation, English Attack",20,Normal,300+5,Standard,"[""0:05:00"", ""0:05:00"", ""0:05:02"", ""0:05:04"", ""0:05:06"", ""0:05:08"", ""0:05:11"", ""0:05:13"", ""0:05:15"", ""0:05:18"", ""0:05:17"", ""0:04:39"", ""0:05:18"", ""0:04:35"", ""0:05:04"", ""0:04:35"", ""0:05:09"", ""0:04:33"", ""0:05:12"", ""0:04:34"", ""0:05:14"", ""0:04:38"", ""0:05:11"", ""0:04:41"", ""0:05:09"", ""0:04:38"", ""0:05:02"", ""0:04:41"", ""0:05:00"", ""0:04:42"", ""0:04:49"", ""0:04:26"", ""0:04:28"", ""0:04:14"", ""0:04:24"", ""0:03:51"", ""0:04:23"", ""0:03:54"", ""0:04:25"", ""0:03:58""]"
"GM Vignesh, N R",73,1,WSC4EYvR,2026.05.10,Goodgoodchess,Chessbee111,2280,1730,1-0,white,win,B30,Sicilian Defense: Nyezhmetdinov-Rossolimo Attack,15,Normal,600+10,Standard,"[""0:10:00"", ""0:10:00"", ""0:10:09"", ""0:10:07"", ""0:10:16"", ""0:10:12"", ""0:10:25"", ""0:10:20"", ""0:10:34"", ""0:10:27"", ""0:10:41"", ""0:10:35"", ""0:10:50"", ""0:10:37"", ""0:10:55"", ""0:10:45"", ""0:10:52"", ""0:10:38"", ""0:10:59"", ""0:10:44"", ""0:11:05"", ""0:10:52"", ""0:11:13"", ""0:10:57"", ""0:08:22"", ""0:10:57"", ""0:06:30"", ""0:09:08"", ""0:06:18""]"
"GM Vignesh, N R",74,1,YcluGmHK,2026.05.10,Chessbee111,Goodgoodchess,1730,2280,1-0,black,loss,A48,Queen's Pawn Game: Barry Attack,18,Time forfeit,600+10,Standard,"[""0:10:00"", ""0:10:00"", ""0:10:06"", ""0:09:55"", ""0:10:13"", ""0:10:04"", ""0:10:18"", ""0:10:11"", ""0:10:12"", ""0:10:18"", ""0:10:16"", ""0:10:20"", ""0:10:02"", ""0:10:16"", ""0:09:57"", ""0:10:17"", ""0:10:00"", ""0:10:20"", ""0:10:05"", ""0:09:25"", ""0:10:04"", ""0:08:35"", ""0:10:05"", ""0:08:33"", ""0:10:11"", ""0:08:40"", ""0:10:16"", ""0:08:45"", ""0:10:18"", ""0:08:34"", ""0:10:21"", ""0:08:42"", ""0:09:57"", ""0:07:33"", ""0:09:56""]"
"GM Vignesh, N R",75,1,W6MOZsqy,2026.05.10,Goodgoodchess,Chessbee111,2280,1730,1-0,white,win,B30,Sicilian Defense: Nyezhmetdinov-Rossolimo Attack,23,Normal,600+10,Standard,"[""0:10:00"", ""0:10:00"", ""0:10:07"", ""0:10:06"", ""0:10:14"", ""0:10:12"", ""0:10:21"", ""0:10:19"", ""0:10:20"", ""0:10:26"", ""0:10:27"", ""0:10:34"", ""0:10:33"", ""0:10:35"", ""0:10:41"", ""0:10:45"", ""0:10:47"", ""0:10:53"", ""0:10:55"", ""0:10:56"", ""0:11:05"", ""0:10:57"", ""0:09:58"", ""0:10:35"", ""0:10:06"", ""0:10:39"", ""0:09:05"", ""0:09:30"", ""0:08:55"", ""0:07:12"", ""0:08:08"", ""0:06:42"", ""0:07:51"", ""0:06:38"", ""0:07:51"", ""0:06:41"", ""0:07:53"", ""0:06:34"", ""0:07:45"", ""0:06:27"", ""0:06:37"", ""0:06:32"", ""0:06:41"", ""0:06:35"", ""0:06:38""]"
"GM Vignesh, N R",76,1,umcqzdpX,2026.05.09,vidipkumarkona,Goodgoodchess,2547,2280,0-1,black,win,D43,Semi-Slav Defense: Anti-Moscow Gambit,33,Normal,600+10,Standard,"[""0:10:00"", ""0:10:00"", ""0:10:05"", ""0:10:09"", ""0:10:13"", ""0:10:18"", ""0:10:17"", ""0:10:25"", ""0:10:02"", ""0:10:29"", ""0:09:47"", ""0:10:33"", ""0:09:56"", ""0:10:38"", ""0:10:00"", ""0:10:38"", ""0:10:01"", ""0:07:35"", ""0:08:45"", ""0:07:43"", ""0:08:55"", ""0:07:30"", ""0:08:55"", ""0:07:09"", ""0:08:40"", ""0:06:36"", ""0:08:17"", ""0:06:33"", ""0:07:59"", ""0:05:03"", ""0:07:55"", ""0:05:05"", ""0:07:57"", ""0:05:09"", ""0:06:52"", ""0:05:17"", ""0:06:44"", ""0:04:54"", ""0:06:35"", ""0:04:56"", ""0:05:35"", ""0:05:03"", ""0:05:43"", ""0:05:13"", ""0:05:51"", ""0:05:18"", ""0:05:42"", ""0:05:21"", ""0:05:50"", ""0:05:24"", ""0:06:00"", ""0:05:20"", ""0:05:45"", ""0:04:52"", ""0:05:31"", ""0:04:47"", ""0:05:19"", ""0:04:45"", ""0:05:06"", ""0:04:19"", ""0:04:53"", ""0:04:09"", ""0:04:53"", ""0:04:10"", ""0:04:59"", ""0:03:52""]"
"GM Vignesh, N R",77,1,xkCBMZCk,2026.05.03,Goodgoodchess,gactus,2801,2673,1-0,white,win,E00,Catalan Opening,48,Normal,180+0,Standard,"[""0:03:00"", ""0:03:00"", ""0:02:59"", ""0:02:59"", ""0:02:59"", ""0:02:58"", ""0:02:59"", ""0:02:57"", ""0:02:59"", ""0:02:56"", ""0:02:58"", ""0:02:54"", ""0:02:55"", ""0:02:54"", ""0:02:52"", ""0:02:52"", ""0:02:51"", ""0:02:52"", ""0:02:51"", ""0:02:51"", ""0:02:50"", ""0:02:50"", ""0:02:48"", ""0:02:49"", ""0:02:46"", ""0:02:27"", ""0:02:40"", ""0:02:24"", ""0:02:40"", ""0:02:23"", ""0:02:36"", ""0:02:20"", ""0:02:33"", ""0:02:18"", ""0:02:32"", ""0:02:15"", ""0:02:29"", ""0:02:14"", ""0:02:29"", ""0:02:13"", ""0:02:23"", ""0:02:05"", ""0:02:17"", ""0:02:05"", ""0:02:17"", ""0:02:04"", ""0:02:13"", ""0:01:12"", ""0:02:10"", ""0:01:11"", ""0:02:10"", ""0:01:09"", ""0:02:09"", ""0:01:06"", ""0:02:06"", ""0:01:00"", ""0:02:04"", ""0:00:59"", ""0:01:56"", ""0:00:58"", ""0:01:54"", ""0:00:56"", ""0:01:49"", ""0:00:55"", ""0:01:45"", ""0:00:54"", ""0:01:44"", ""0:00:53"", ""0:01:44"", ""0:00:51"", ""0:01:42"", ""0:00:45"", ""0:01:39"", ""0:00:44"", ""0:01:37"", ""0:00:37"", ""0:01:35"", ""0:00:36"", ""0:01:34"", ""0:00:35"", ""0:01:30"", ""0:00:30"", ""0:01:29"", ""0:00:25"", ""0:01:27"", ""0:00:24"", ""0:01:25"", ""0:00:22"", ""0:01:24"", ""0:00:21"", ""0:01:21"", ""0:00:20"", ""0:01:21"", ""0:00:20"", ""0:01:19"", ""0:00:15""]"
"GM Vignesh, N R",78,1,vmiDMdfS,2026.05.03,Goodgoodchess,shreyash_2007,2280,1952,1-0,white,win,A14,"English Opening: Agincourt Defense, Neo-Catalan Declined",25,Normal,900+10,Standard,"[""0:15:00"", ""0:15:00"", ""0:15:07"", ""0:15:02"", ""0:15:16"", ""0:15:10"", ""0:15:24"", ""0:15:15"", ""0:15:32"", ""0:15:24"", ""0:15:36"", ""0:15:30"", ""0:15:02"", ""0:15:38"", ""0:15:10"", ""0:15:32"", ""0:15:15"", ""0:15:38"", ""0:14:53"", ""0:15:08"", ""0:14:51"", ""0:15:07"", ""0:14:51"", ""0:15:10"", ""0:13:28"", ""0:15:12"", ""0:13:37"", ""0:15:21"", ""0:13:11"", ""0:14:38"", ""0:10:37"", ""0:14:31"", ""0:10:33"", ""0:14:18"", ""0:10:39"", ""0:09:05"", ""0:10:25"", ""0:09:14"", ""0:10:34"", ""0:09:24"", ""0:10:27"", ""0:07:57"", ""0:08:23"", ""0:08:01"", ""0:08:31"", ""0:06:59"", ""0:08:37"", ""0:06:07"", ""0:08:17""]"
"GM Vignesh, N R",79,1,sV4AgfKV,2026.05.03,Chessbee111,Goodgoodchess,1708,2280,0-1,black,win,A48,Queen's Pawn Game: Barry Attack,35,Normal,600+10,Standard,"[""0:10:00"", ""0:10:00"", ""0:10:08"", ""0:09:55"", ""0:10:16"", ""0:09:38"", ""0:10:23"", ""0:09:46"", ""0:10:07"", ""0:09:52"", ""0:10:10"", ""0:07:45"", ""0:09:47"", ""0:07:37"", ""0:09:47"", ""0:06:13"", ""0:09:43"", ""0:06:17"", ""0:09:45"", ""0:06:15"", ""0:09:46"", ""0:06:19"", ""0:09:16"", ""0:06:16"", ""0:09:19"", ""0:05:46"", ""0:09:09"", ""0:05:55"", ""0:09:07"", ""0:06:00"", ""0:09:17"", ""0:06:09"", ""0:09:12"", ""0:05:41"", ""0:09:10"", ""0:05:45"", ""0:08:34"", ""0:05:52"", ""0:08:16"", ""0:05:56"", ""0:08:14"", ""0:06:04"", ""0:08:24"", ""0:06:09"", ""0:07:34"", ""0:06:14"", ""0:07:02"", ""0:06:14"", ""0:07:07"", ""0:06:23"", ""0:07:08"", ""0:06:30"", ""0:07:03"", ""0:06:36"", ""0:07:10"", ""0:06:43"", ""0:07:13"", ""0:06:50"", ""0:07:23"", ""0:06:59"", ""0:07:28"", ""0:07:06"", ""0:07:26"", ""0:07:13"", ""0:07:32"", ""0:07:22"", ""0:07:41"", ""0:07:30"", ""0:07:51"", ""0:07:29""]"
"GM Vignesh, N R",80,1,C7pHxJGz,2026.05.03,Goodgoodchess,Chessbee111,2280,1708,1-0,white,win,A08,Zukertort Opening: Reversed Grünfeld,22,Normal,600+10,Standard,"[""0:10:00"", ""0:10:00"", ""0:10:08"", ""0:10:07"", ""0:10:16"", ""0:10:14"", ""0:10:01"", ""0:10:07"", ""0:10:00"", ""0:10:08"", ""0:10:08"", ""0:10:15"", ""0:10:16"", ""0:10:23"", ""0:10:25"", ""0:10:25"", ""0:10:21"", ""0:10:23"", ""0:07:59"", ""0:10:29"", ""0:07:49"", ""0:10:39"", ""0:07:44"", ""0:10:09"", ""0:07:48"", ""0:10:08"", ""0:07:55"", ""0:10:05"", ""0:07:52"", ""0:10:08"", ""0:08:00"", ""0:10:15"", ""0:08:09"", ""0:10:19"", ""0:08:06"", ""0:10:20"", ""0:08:03"", ""0:10:27"", ""0:08:10"", ""0:10:35"", ""0:08:19"", ""0:10:41"", ""0:08:17""]"
"GM Vignesh, N R",81,1,gsx8xbn5,2026.05.03,Chessbee111,Goodgoodchess,1708,2280,0-1,black,win,D01,Rapport-Jobava System,43,Normal,600+10,Standard,"[""0:10:00"", ""0:10:00"", ""0:10:09"", ""0:10:03"", ""0:10:17"", ""0:10:05"", ""0:10:26"", ""0:10:06"", ""0:10:33"", ""0:10:13"", ""0:10:41"", ""0:10:21"", ""0:10:49"", ""0:10:26"", ""0:10:55"", ""0:10:34"", ""0:11:02"", ""0:10:43"", ""0:11:11"", ""0:10:41"", ""0:11:05"", ""0:10:22"", ""0:10:52"", ""0:10:15"", ""0:10:43"", ""0:10:12"", ""0:10:33"", ""0:07:41"", ""0:10:19"", ""0:06:45"", ""0:10:08"", ""0:06:38"", ""0:10:05"", ""0:06:46"", ""0:10:09"", ""0:06:50"", ""0:10:00"", ""0:06:15"", ""0:09:51"", ""0:06:25"", ""0:09:55"", ""0:06:33"", ""0:10:00"", ""0:06:41"", ""0:10:09"", ""0:06:50"", ""0:10:17"", ""0:06:59"", ""0:10:26"", ""0:07:07"", ""0:10:35"", ""0:07:16"", ""0:10:44"", ""0:07:20"", ""0:10:54"", ""0:07:09"", ""0:10:56"", ""0:07:17"", ""0:11:06"", ""0:07:27"", ""0:11:16"", ""0:07:23"", ""0:11:26"", ""0:07:32"", ""0:11:34"", ""0:07:42"", ""0:11:43"", ""0:07:52"", ""0:11:47"", ""0:08:02"", ""0:11:57"", ""0:08:11"", ""0:12:07"", ""0:08:21"", ""0:12:17"", ""0:08:29"", ""0:12:27"", ""0:08:20"", ""0:12:33"", ""0:08:28"", ""0:12:37"", ""0:08:35"", ""0:12:42"", ""0:08:43"", ""0:12:51"", ""0:08:42""]"
"GM Vignesh, N R",82,1,cJlM5UUS,2026.05.03,Goodgoodchess,Chessbee111,2280,1708,1-0,white,win,B33,Sicilian Defense: Lasker-Pelikan Variation,50,Normal,600+10,Standard,"[""0:10:00"", ""0:10:00"", ""0:10:05"", ""0:10:08"", ""0:10:13"", ""0:10:16"", ""0:10:23"", ""0:10:24"", ""0:10:31"", ""0:10:32"", ""0:10:39"", ""0:10:41"", ""0:10:46"", ""0:10:49"", ""0:10:55"", ""0:10:59"", ""0:10:46"", ""0:11:09"", ""0:10:44"", ""0:11:06"", ""0:10:50"", ""0:11:14"", ""0:10:47"", ""0:11:07"", ""0:10:21"", ""0:11:17"", ""0:10:28"", ""0:11:20"", ""0:09:48"", ""0:11:21"", ""0:09:49"", ""0:11:25"", ""0:09:55"", ""0:11:22"", ""0:10:03"", ""0:11:27"", ""0:10:13"", ""0:11:07"", ""0:09:54"", ""0:10:56"", ""0:10:02"", ""0:11:03"", ""0:10:08"", ""0:11:03"", ""0:09:48"", ""0:10:48"", ""0:09:54"", ""0:10:54"", ""0:10:02"", ""0:10:50"", ""0:10:00"", ""0:10:51"", ""0:10:07"", ""0:10:59"", ""0:10:09"", ""0:11:02"", ""0:10:18"", ""0:10:42"", ""0:10:25"", ""0:10:46"", ""0:10:32"", ""0:10:52"", ""0:10:36"", ""0:10:53"", ""0:10:43"", ""0:10:59"", ""0:10:51"", ""0:11:06"", ""0:10:59"", ""0:11:06"", ""0:11:08"", ""0:11:11"", ""0:11:18"", ""0:11:16"", ""0:11:26"", ""0:11:24"", ""0:11:34"", ""0:11:33"", ""0:11:40"", ""0:11:41"", ""0:11:49"", ""0:11:48"", ""0:11:56"", ""0:11:57"", ""0:12:04"", ""0:12:07"", ""0:12:12"", ""0:12:15"", ""0:12:19"", ""0:12:23"", ""0:12:28"", ""0:12:32"", ""0:12:31"", ""0:12:41"", ""0:12:39"", ""0:12:49"", ""0:12:48"", ""0:12:57"", ""0:12:47""]"
"GM Vignesh, N R",83,1,YhXBy4RA,2026.04.29,Tornado_M,Goodgoodchess,2750,2780,0-1,black,win,D02,Queen's Pawn Game: London System,18,Normal,180+0,Standard,"[""0:03:00"", ""0:03:00"", ""0:02:59"", ""0:02:51"", ""0:02:58"", ""0:02:45"", ""0:02:56"", ""0:02:44"", ""0:02:55"", ""0:02:43"", ""0:02:53"", ""0:02:41"", ""0:02:50"", ""0:02:39"", ""0:02:43"", ""0:02:37"", ""0:02:36"", ""0:02:34"", ""0:02:35"", ""0:02:23"", ""0:02:34"", ""0:02:11"", ""0:02:33"", ""0:01:59"", ""0:02:32"", ""0:01:54"", ""0:02:16"", ""0:01:43"", ""0:02:15"", ""0:01:19"", ""0:02:14"", ""0:01:17"", ""0:02:03"", ""0:00:59"", ""0:01:29"", ""0:00:58""]"
"IM Chan, Kim Yew",84,5,E4UMbaJZ,2026.06.10,Smirnov85,KEITH2011,2582,1223,1-0,white,win,?,?,48,Normal,180+2,From Position,"[""0:03:00"", ""0:03:00"", ""0:02:41"", ""0:03:01"", ""0:02:35"", ""0:03:01"", ""0:02:16"", ""0:02:55"", ""0:02:00"", ""0:02:47"", ""0:01:59"", ""0:02:48"", ""0:02:00"", ""0:02:47"", ""0:01:28"", ""0:02:49"", ""0:01:29"", ""0:02:43"", ""0:01:29"", ""0:02:41"", ""0:01:26"", ""0:02:28"", ""0:01:17"", ""0:02:29"", ""0:00:47"", ""0:02:26"", ""0:00:44"", ""0:02:28"", ""0:00:39"", ""0:01:56"", ""0:00:26"", ""0:01:46"", ""0:00:18"", ""0:01:44"", ""0:00:19"", ""0:01:17"", ""0:00:14"", ""0:01:16"", ""0:00:13"", ""0:01:17"", ""0:00:10"", ""0:01:17"", ""0:00:12"", ""0:01:18"", ""0:00:12"", ""0:01:14"", ""0:00:13"", ""0:01:15"", ""0:00:13"", ""0:01:16"", ""0:00:14"", ""0:01:15"", ""0:00:15"", ""0:01:17"", ""0:00:16"", ""0:01:18"", ""0:00:17"", ""0:01:20"", ""0:00:18"", ""0:01:21"", ""0:00:19"", ""0:01:20"", ""0:00:19""]"
"IM Chan, Kim Yew",85,5,JvSfslQV,2026.06.08,Incognito-2,Smirnov85,2646,2568,0-1,black,win,C01,French Defense: Exchange Variation,54,Normal,180+0,Standard,"[""0:03:00"", ""0:03:00"", ""0:02:59"", ""0:03:00"", ""0:02:59"", ""0:02:59"", ""0:02:59"", ""0:02:58"", ""0:02:57"", ""0:02:57"", ""0:02:55"", ""0:02:54"", ""0:02:54"", ""0:02:54"", ""0:02:52"", ""0:02:52"", ""0:02:52"", ""0:02:52"", ""0:02:51"", ""0:02:51"", ""0:02:49"", ""0:02:47"", ""0:02:48"", ""0:02:47"", ""0:02:38"", ""0:02:33"", ""0:02:24"", ""0:02:30"", ""0:02:19"", ""0:02:29"", ""0:02:17"", ""0:02:23"", ""0:02:16"", ""0:02:21"", ""0:02:16"", ""0:02:19"", ""0:02:15"", ""0:02:18"", ""0:02:11"", ""0:02:12"", ""0:02:07"", ""0:02:05"", ""0:02:02"", ""0:02:03"", ""0:01:53"", ""0:02:02"", ""0:01:51"", ""0:01:55"", ""0:01:50"", ""0:01:54"", ""0:01:48"", ""0:01:48"", ""0:01:46"", ""0:01:45"", ""0:01:43"", ""0:01:40"", ""0:01:41"", ""0:01:38"", ""0:01:39"", ""0:01:38"", ""0:01:39"", ""0:01:36"", ""0:01:39"", ""0:01:34"", ""0:01:38"", ""0:01:31"", ""0:01:36"", ""0:01:28"", ""0:01:32"", ""0:01:27"", ""0:01:28"", ""0:01:24"", ""0:01:26"", ""0:01:19"", ""0:01:26"", ""0:01:13"", ""0:01:14"", ""0:01:13"", ""0:01:13"", ""0:01:08"", ""0:01:09"", ""0:01:05"", ""0:01:07"", ""0:01:05"", ""0:01:06"", ""0:01:03"", ""0:00:52"", ""0:01:03"", ""0:00:49"", ""0:00:57"", ""0:00:49"", ""0:00:55"", ""0:00:46"", ""0:00:53"", ""0:00:44"", ""0:00:53"", ""0:00:43"", ""0:00:52"", ""0:00:28"", ""0:00:52"", ""0:00:25"", ""0:00:52"", ""0:00:20"", ""0:00:51"", ""0:00:19"", ""0:00:50"", ""0:00:18"", ""0:00:50""]"
"IM Chan, Kim Yew",86,5,1FvIN5bX,2026.06.08,Smirnov85,MRSPARKY1,2560,2444,1-0,white,win,B23,Sicilian Defense: Closed,36,Time forfeit,180+0,Standard,"[""0:03:00"", ""0:03:00"", ""0:02:58"", ""0:02:59"", ""0:02:55"", ""0:02:58"", ""0:02:54"", ""0:02:58"", ""0:02:49"", ""0:02:58"", ""0:02:45"", ""0:02:57"", ""0:02:41"", ""0:02:57"", ""0:02:39"", ""0:02:55"", ""0:02:35"", ""0:02:54"", ""0:02:34"", ""0:02:53"", ""0:02:31"", ""0:02:52"", ""0:02:27"", ""0:02:51"", ""0:02:24"", ""0:02:45"", ""0:02:08"", ""0:02:01"", ""0:02:06"", ""0:02:01"", ""0:02:06"", ""0:02:00"", ""0:01:53"", ""0:01:58"", ""0:01:52"", ""0:01:36"", ""0:01:43"", ""0:01:04"", ""0:01:43"", ""0:00:59"", ""0:01:35"", ""0:00:55"", ""0:01:33"", ""0:00:44"", ""0:01:28"", ""0:00:44"", ""0:01:21"", ""0:00:38"", ""0:01:09"", ""0:00:29"", ""0:01:06"", ""0:00:24"", ""0:01:04"", ""0:00:19"", ""0:00:56"", ""0:00:16"", ""0:00:53"", ""0:00:12"", ""0:00:51"", ""0:00:11"", ""0:00:48"", ""0:00:07"", ""0:00:36"", ""0:00:05"", ""0:00:34"", ""0:00:03"", ""0:00:31"", ""0:00:02"", ""0:00:27"", ""0:00:00"", ""0:00:25""]"
"IM Chan, Kim Yew",87,5,aDmhfLDq,2026.06.08,JelenaZ,Smirnov85,2539,2548,0-1,black,win,B31,"Sicilian Defense: Nyezhmetdinov-Rossolimo Attack, Fianchetto Variation",35,Normal,180+0,Standard,"[""0:03:00"", ""0:03:00"", ""0:02:59"", ""0:02:59"", ""0:02:57"", ""0:02:57"", ""0:02:56"", ""0:02:57"", ""0:02:54"", ""0:02:57"", ""0:02:53"", ""0:02:53"", ""0:02:51"", ""0:02:52"", ""0:02:47"", ""0:02:51"", ""0:02:44"", ""0:02:49"", ""0:02:43"", ""0:02:45"", ""0:02:42"", ""0:02:39"", ""0:02:41"", ""0:02:36"", ""0:02:39"", ""0:02:31"", ""0:02:36"", ""0:02:24"", ""0:02:23"", ""0:02:14"", ""0:02:22"", ""0:01:56"", ""0:02:20"", ""0:01:56"", ""0:02:19"", ""0:01:54"", ""0:02:17"", ""0:01:50"", ""0:02:11"", ""0:01:46"", ""0:02:09"", ""0:01:43"", ""0:02:04"", ""0:01:38"", ""0:01:45"", ""0:01:12"", ""0:01:42"", ""0:01:02"", ""0:01:34"", ""0:00:57"", ""0:01:33"", ""0:00:52"", ""0:01:31"", ""0:00:32"", ""0:01:29"", ""0:00:32"", ""0:01:25"", ""0:00:30"", ""0:01:24"", ""0:00:29"", ""0:01:12"", ""0:00:28"", ""0:01:12"", ""0:00:27"", ""0:01:10"", ""0:00:26"", ""0:01:09"", ""0:00:26"", ""0:01:08"", ""0:00:25""]"
"IM Chan, Kim Yew",88,5,5jI3asBb,2026.06.08,Smirnov85,JelenaZ,2535,2545,1-0,white,win,C47,Four Knights Game: Scotch Variation Accepted,33,Normal,180+0,Standard,"[""0:03:00"", ""0:03:00"", ""0:02:59"", ""0:02:59"", ""0:02:58"", ""0:02:58"", ""0:02:57"", ""0:02:56"", ""0:02:57"", ""0:02:55"", ""0:02:56"", ""0:02:54"", ""0:02:56"", ""0:02:53"", ""0:02:55"", ""0:02:52"", ""0:02:52"", ""0:02:51"", ""0:02:51"", ""0:02:50"", ""0:02:50"", ""0:02:44"", ""0:02:43"", ""0:02:41"", ""0:02:41"", ""0:02:39"", ""0:02:40"", ""0:02:38"", ""0:02:38"", ""0:02:34"", ""0:02:37"", ""0:02:33"", ""0:02:36"", ""0:02:30"", ""0:02:33"", ""0:02:28"", ""0:02:29"", ""0:02:22"", ""0:02:16"", ""0:02:10"", ""0:02:11"", ""0:02:08"", ""0:02:10"", ""0:02:07"", ""0:02:08"", ""0:02:06"", ""0:02:03"", ""0:01:51"", ""0:02:01"", ""0:01:50"", ""0:02:00"", ""0:01:45"", ""0:01:57"", ""0:01:43"", ""0:01:52"", ""0:01:41"", ""0:01:50"", ""0:01:38"", ""0:01:47"", ""0:01:35"", ""0:01:45"", ""0:01:33"", ""0:01:44"", ""0:01:30"", ""0:01:42""]"
"IM Chan, Kim Yew",89,5,Ea8mNOrK,2026.06.07,Smirnov85,aliardani,2640,1058,1-0,white,win,A40,Queen's Pawn Game: Modern Defense,31,Normal,30+2,Standard,"[""0:00:30"", ""0:10:00"", ""0:00:31"", ""0:09:59"", ""0:00:32"", ""0:09:56"", ""0:00:33"", ""0:09:57"", ""0:00:33"", ""0:09:57"", ""0:00:32"", ""0:09:46"", ""0:00:31"", ""0:09:42"", ""0:00:31"", ""0:09:26"", ""0:00:32"", ""0:09:09"", ""0:00:31"", ""0:08:47"", ""0:00:26"", ""0:08:32"", ""0:00:21"", ""0:08:27"", ""0:00:20"", ""0:08:05"", ""0:00:19"", ""0:07:42"", ""0:00:19"", ""0:07:20"", ""0:00:16"", ""0:07:22"", ""0:00:17"", ""0:07:21"", ""0:00:18"", ""0:07:19"", ""0:00:10"", ""0:07:15"", ""0:00:10"", ""0:07:11"", ""0:00:09"", ""0:07:07"", ""0:00:06"", ""0:07:02"", ""0:00:07"", ""0:06:53"", ""0:00:06"", ""0:06:52"", ""0:00:07"", ""0:06:41"", ""0:00:08"", ""0:06:38"", ""0:00:08"", ""0:06:34"", ""0:00:09"", ""0:06:34"", ""0:00:11"", ""0:06:28"", ""0:00:11"", ""0:06:24"", ""0:00:12""]"
"IM Chan, Kim Yew",90,5,1YLBOhHH,2026.06.07,Smirnov85,aliardani,2640,1058,1-0,white,win,B08,Pirc Defense: Classical Variation,58,Normal,30+2,Standard,"[""0:00:30"", ""0:10:00"", ""0:00:31"", ""0:10:00"", ""0:00:28"", ""0:09:58"", ""0:00:29"", ""0:09:59"", ""0:00:30"", ""0:09:59"", ""0:00:31"", ""0:09:54"", ""0:00:33"", ""0:09:55"", ""0:00:34"", ""0:09:54"", ""0:00:36"", ""0:09:55"", ""0:00:34"", ""0:09:49"", ""0:00:33"", ""0:09:39"", ""0:00:33"", ""0:09:17"", ""0:00:29"", ""0:09:15"", ""0:00:31"", ""0:09:16"", ""0:00:26"", ""0:09:15"", ""0:00:28"", ""0:09:09"", ""0:00:23"", ""0:08:58"", ""0:00:10"", ""0:08:52"", ""0:00:08"", ""0:08:37"", ""0:00:08"", ""0:08:38"", ""0:00:09"", ""0:08:25"", ""0:00:09"", ""0:08:23"", ""0:00:09"", ""0:08:21"", ""0:00:10"", ""0:08:08"", ""0:00:12"", ""0:08:02"", ""0:00:08"", ""0:07:41"", ""0:00:08"", ""0:07:09"", ""0:00:07"", ""0:07:02"", ""0:00:07"", ""0:07:01"", ""0:00:05"", ""0:06:41"", ""0:00:04"", ""0:06:39"", ""0:00:05"", ""0:06:34"", ""0:00:05"", ""0:06:25"", ""0:00:04"", ""0:06:25"", ""0:00:04"", ""0:06:22"", ""0:00:04"", ""0:06:18"", ""0:00:04"", ""0:06:06"", ""0:00:04"", ""0:06:07"", ""0:00:05"", ""0:06:06"", ""0:00:05"", ""0:05:55"", ""0:00:05"", ""0:05:53"", ""0:00:04"", ""0:05:53"", ""0:00:05"", ""0:05:52"", ""0:00:06"", ""0:05:51"", ""0:00:06"", ""0:05:50"", ""0:00:08"", ""0:05:52"", ""0:00:09"", ""0:05:53"", ""0:00:10"", ""0:05:52"", ""0:00:11"", ""0:05:50"", ""0:00:12"", ""0:05:51"", ""0:00:13"", ""0:05:42"", ""0:00:11"", ""0:05:37"", ""0:00:11"", ""0:05:38"", ""0:00:12"", ""0:05:29"", ""0:00:13"", ""0:05:31"", ""0:00:14"", ""0:05:33"", ""0:00:14"", ""0:05:31"", ""0:00:16""]"
"IM Chan, Kim Yew",91,5,hMRJGg1j,2026.06.07,Smirnov85,aliardani,2640,1058,1-0,white,win,B07,Pirc Defense: Kholmov System,40,Normal,60+2,Standard,"[""0:01:00"", ""0:10:00"", ""0:01:01"", ""0:10:01"", ""0:01:02"", ""0:10:02"", ""0:01:01"", ""0:10:03"", ""0:01:02"", ""0:10:04"", ""0:01:03"", ""0:10:05"", ""0:01:05"", ""0:10:07"", ""0:01:06"", ""0:10:09"", ""0:01:08"", ""0:10:07"", ""0:01:08"", ""0:10:09"", ""0:01:07"", ""0:10:07"", ""0:01:08"", ""0:10:07"", ""0:01:10"", ""0:10:05"", ""0:01:00"", ""0:09:49"", ""0:00:54"", ""0:09:46"", ""0:00:56"", ""0:09:44"", ""0:00:47"", ""0:09:36"", ""0:00:46"", ""0:09:35"", ""0:00:35"", ""0:09:33"", ""0:00:31"", ""0:09:27"", ""0:00:30"", ""0:09:25"", ""0:00:31"", ""0:09:18"", ""0:00:18"", ""0:09:14"", ""0:00:19"", ""0:09:14"", ""0:00:17"", ""0:09:05"", ""0:00:14"", ""0:08:53"", ""0:00:12"", ""0:08:41"", ""0:00:13"", ""0:08:32"", ""0:00:13"", ""0:08:34"", ""0:00:10"", ""0:08:32"", ""0:00:11"", ""0:08:29"", ""0:00:09"", ""0:08:25"", ""0:00:09"", ""0:08:23"", ""0:00:08"", ""0:08:15"", ""0:00:08"", ""0:08:15"", ""0:00:10"", ""0:08:14"", ""0:00:11"", ""0:08:13"", ""0:00:11"", ""0:08:12"", ""0:00:13"", ""0:08:13"", ""0:00:15""]"
"IM Chan, Kim Yew",92,5,tQ85D4qn,2026.06.07,Smirnov85,aliardani,2640,1058,1-0,white,win,B07,Pirc Defense: Kholmov System,78,Normal,60+2,Standard,"[""0:01:00"", ""0:10:00"", ""0:01:01"", ""0:10:00"", ""0:01:03"", ""0:10:00"", ""0:01:03"", ""0:10:01"", ""0:01:04"", ""0:10:03"", ""0:01:05"", ""0:10:02"", ""0:01:07"", ""0:10:03"", ""0:01:08"", ""0:10:03"", ""0:01:10"", ""0:10:04"", ""0:01:10"", ""0:10:05"", ""0:01:04"", ""0:09:52"", ""0:01:05"", ""0:09:48"", ""0:01:00"", ""0:09:37"", ""0:00:57"", ""0:09:06"", ""0:00:57"", ""0:09:05"", ""0:00:44"", ""0:09:01"", ""0:00:44"", ""0:08:42"", ""0:00:43"", ""0:08:38"", ""0:00:41"", ""0:08:37"", ""0:00:42"", ""0:08:31"", ""0:00:24"", ""0:08:23"", ""0:00:12"", ""0:08:01"", ""0:00:14"", ""0:07:53"", ""0:00:15"", ""0:07:52"", ""0:00:13"", ""0:07:40"", ""0:00:06"", ""0:07:24"", ""0:00:06"", ""0:07:18"", ""0:00:05"", ""0:07:13"", ""0:00:06"", ""0:07:08"", ""0:00:06"", ""0:07:07"", ""0:00:07"", ""0:06:58"", ""0:00:04"", ""0:06:50"", ""0:00:03"", ""0:06:49"", ""0:00:05"", ""0:06:47"", ""0:00:06"", ""0:06:45"", ""0:00:07"", ""0:06:44"", ""0:00:07"", ""0:06:32"", ""0:00:08"", ""0:06:27"", ""0:00:08"", ""0:06:18"", ""0:00:09"", ""0:06:16"", ""0:00:10"", ""0:06:17"", ""0:00:12"", ""0:06:19"", ""0:00:09"", ""0:06:19"", ""0:00:09"", ""0:06:19"", ""0:00:10"", ""0:06:20"", ""0:00:11"", ""0:06:19"", ""0:00:12"", ""0:06:13"", ""0:00:13"", ""0:06:11"", ""0:00:14"", ""0:06:12"", ""0:00:15"", ""0:06:11"", ""0:00:16"", ""0:06:11"", ""0:00:17"", ""0:06:03"", ""0:00:19"", ""0:06:04"", ""0:00:18"", ""0:06:05"", ""0:00:19"", ""0:06:05"", ""0:00:20"", ""0:06:05"", ""0:00:21"", ""0:06:05"", ""0:00:21"", ""0:06:07"", ""0:00:22"", ""0:06:06"", ""0:00:24"", ""0:06:08"", ""0:00:22"", ""0:06:09"", ""0:00:19"", ""0:06:03"", ""0:00:21"", ""0:06:05"", ""0:00:23"", ""0:06:06"", ""0:00:25"", ""0:06:08"", ""0:00:27"", ""0:06:10"", ""0:00:29"", ""0:06:11"", ""0:00:31"", ""0:06:11"", ""0:00:33"", ""0:06:12"", ""0:00:35"", ""0:06:13"", ""0:00:37"", ""0:06:14"", ""0:00:26"", ""0:06:07"", ""0:00:14"", ""0:06:04"", ""0:00:14"", ""0:06:05"", ""0:00:15"", ""0:06:02"", ""0:00:17"", ""0:06:03"", ""0:00:19"", ""0:06:03"", ""0:00:19""]"
"IM Chan, Kim Yew",93,5,XaXD75eQ,2026.06.07,Smirnov85,aliardani,2640,1058,1-0,white,win,B07,Pirc Defense: Kholmov System,61,Normal,60+2,Standard,"[""0:01:00"", ""0:10:00"", ""0:01:01"", ""0:09:59"", ""0:01:02"", ""0:09:56"", ""0:01:03"", ""0:09:45"", ""0:01:03"", ""0:09:44"", ""0:01:03"", ""0:09:43"", ""0:01:05"", ""0:09:44"", ""0:01:06"", ""0:09:45"", ""0:01:08"", ""0:09:27"", ""0:01:08"", ""0:09:23"", ""0:01:09"", ""0:09:23"", ""0:01:09"", ""0:09:17"", ""0:01:06"", ""0:08:59"", ""0:01:00"", ""0:08:49"", ""0:00:57"", ""0:08:37"", ""0:00:54"", ""0:08:30"", ""0:00:54"", ""0:08:06"", ""0:00:47"", ""0:07:58"", ""0:00:22"", ""0:07:49"", ""0:00:21"", ""0:07:26"", ""0:00:23"", ""0:07:21"", ""0:00:21"", ""0:07:04"", ""0:00:15"", ""0:06:33"", ""0:00:08"", ""0:06:27"", ""0:00:07"", ""0:06:01"", ""0:00:09"", ""0:05:48"", ""0:00:10"", ""0:05:49"", ""0:00:12"", ""0:05:50"", ""0:00:13"", ""0:05:42"", ""0:00:15"", ""0:05:35"", ""0:00:17"", ""0:05:35"", ""0:00:18"", ""0:05:33"", ""0:00:19"", ""0:05:31"", ""0:00:14"", ""0:05:30"", ""0:00:15"", ""0:05:29"", ""0:00:17"", ""0:05:28"", ""0:00:18"", ""0:05:22"", ""0:00:19"", ""0:05:18"", ""0:00:19"", ""0:05:19"", ""0:00:17"", ""0:05:18"", ""0:00:18"", ""0:05:17"", ""0:00:18"", ""0:05:15"", ""0:00:19"", ""0:05:10"", ""0:00:21"", ""0:05:12"", ""0:00:22"", ""0:05:10"", ""0:00:23"", ""0:05:05"", ""0:00:23"", ""0:05:00"", ""0:00:24"", ""0:05:00"", ""0:00:26"", ""0:04:48"", ""0:00:27"", ""0:04:50"", ""0:00:29"", ""0:04:49"", ""0:00:31"", ""0:04:51"", ""0:00:33"", ""0:04:52"", ""0:00:35"", ""0:04:52"", ""0:00:37"", ""0:04:47"", ""0:00:37"", ""0:04:46"", ""0:00:35"", ""0:04:45"", ""0:00:37"", ""0:04:46"", ""0:00:29"", ""0:04:42"", ""0:00:28"", ""0:04:30"", ""0:00:27""]"
"IM Chan, Kim Yew",94,5,J8zVXXYL,2026.05.06,okriak,Smirnov85,2727,2541,1-0,black,loss,B40,Sicilian Defense: French Variation,57,Time forfeit,180+0,Standard,"[""0:03:00"", ""0:03:00"", ""0:02:59"", ""0:02:59"", ""0:02:57"", ""0:02:57"", ""0:02:57"", ""0:02:54"", ""0:02:55"", ""0:02:54"", ""0:02:54"", ""0:02:52"", ""0:02:53"", ""0:02:47"", ""0:02:42"", ""0:02:46"", ""0:02:41"", ""0:02:45"", ""0:02:31"", ""0:02:21"", ""0:02:12"", ""0:02:19"", ""0:02:11"", ""0:02:14"", ""0:02:08"", ""0:02:10"", ""0:02:04"", ""0:01:50"", ""0:02:04"", ""0:01:39"", ""0:01:21"", ""0:01:39"", ""0:01:20"", ""0:01:38"", ""0:01:19"", ""0:01:12"", ""0:01:15"", ""0:01:11"", ""0:01:12"", ""0:01:11"", ""0:01:12"", ""0:01:05"", ""0:01:07"", ""0:01:01"", ""0:00:54"", ""0:00:56"", ""0:00:46"", ""0:00:52"", ""0:00:41"", ""0:00:38"", ""0:00:40"", ""0:00:35"", ""0:00:39"", ""0:00:34"", ""0:00:37"", ""0:00:33"", ""0:00:37"", ""0:00:31"", ""0:00:35"", ""0:00:29"", ""0:00:34"", ""0:00:28"", ""0:00:31"", ""0:00:22"", ""0:00:29"", ""0:00:22"", ""0:00:27"", ""0:00:19"", ""0:00:23"", ""0:00:18"", ""0:00:22"", ""0:00:17"", ""0:00:21"", ""0:00:14"", ""0:00:20"", ""0:00:13"", ""0:00:19"", ""0:00:11"", ""0:00:18"", ""0:00:10"", ""0:00:16"", ""0:00:10"", ""0:00:16"", ""0:00:09"", ""0:00:14"", ""0:00:08"", ""0:00:14"", ""0:00:08"", ""0:00:14"", ""0:00:08"", ""0:00:13"", ""0:00:07"", ""0:00:12"", ""0:00:06"", ""0:00:12"", ""0:00:05"", ""0:00:11"", ""0:00:04"", ""0:00:11"", ""0:00:03"", ""0:00:11"", ""0:00:02"", ""0:00:10"", ""0:00:02"", ""0:00:09"", ""0:00:02"", ""0:00:08"", ""0:00:02"", ""0:00:08"", ""0:00:01"", ""0:00:07"", ""0:00:00"", ""0:00:06""]"
"IM Chan, Kim Yew",95,5,dbpUOIy3,2026.05.06,Smirnov85,HumbleSeeker,2545,2832,0-1,white,loss,C43,"Petrov's Defense: Modern Attack, Center Attack",35,Normal,180+0,Standard,"[""0:03:00"", ""0:03:00"", ""0:02:59"", ""0:03:00"", ""0:02:57"", ""0:02:56"", ""0:02:52"", ""0:02:56"", ""0:02:46"", ""0:02:55"", ""0:02:43"", ""0:02:54"", ""0:02:39"", ""0:02:52"", ""0:02:29"", ""0:02:51"", ""0:02:28"", ""0:02:50"", ""0:02:28"", ""0:02:50"", ""0:02:09"", ""0:02:48"", ""0:01:50"", ""0:02:43"", ""0:01:49"", ""0:02:42"", ""0:01:42"", ""0:02:40"", ""0:01:41"", ""0:02:18"", ""0:01:40"", ""0:02:15"", ""0:01:36"", ""0:02:15"", ""0:01:35"", ""0:02:14"", ""0:01:22"", ""0:02:12"", ""0:01:20"", ""0:02:11"", ""0:01:19"", ""0:02:09"", ""0:01:01"", ""0:02:00"", ""0:00:58"", ""0:01:52"", ""0:00:57"", ""0:01:45"", ""0:00:57"", ""0:01:38"", ""0:00:52"", ""0:01:37"", ""0:00:50"", ""0:01:31"", ""0:00:46"", ""0:01:27"", ""0:00:37"", ""0:01:27"", ""0:00:37"", ""0:01:26"", ""0:00:35"", ""0:01:26"", ""0:00:32"", ""0:01:25"", ""0:00:31"", ""0:01:24"", ""0:00:30"", ""0:01:23"", ""0:00:27"", ""0:01:19""]"
"IM Chan, Kim Yew",96,5,M7514bMy,2026.05.06,Romsta,Smirnov85,2548,2532,0-1,black,win,A05,King's Indian Attack: Symmetrical Defense,51,Time forfeit,180+0,Standard,"[""0:03:00"", ""0:03:00"", ""0:02:59"", ""0:02:59"", ""0:02:58"", ""0:02:58"", ""0:02:57"", ""0:02:58"", ""0:02:57"", ""0:02:57"", ""0:02:57"", ""0:02:56"", ""0:02:56"", ""0:02:44"", ""0:02:54"", ""0:02:42"", ""0:02:51"", ""0:02:41"", ""0:02:48"", ""0:02:35"", ""0:02:43"", ""0:02:31"", ""0:02:40"", ""0:02:21"", ""0:02:36"", ""0:02:19"", ""0:02:34"", ""0:02:15"", ""0:02:07"", ""0:02:05"", ""0:02:00"", ""0:01:54"", ""0:01:58"", ""0:01:41"", ""0:01:57"", ""0:01:33"", ""0:01:53"", ""0:01:33"", ""0:01:49"", ""0:01:26"", ""0:01:44"", ""0:01:19"", ""0:01:29"", ""0:01:19"", ""0:01:24"", ""0:01:11"", ""0:01:16"", ""0:01:07"", ""0:00:53"", ""0:00:58"", ""0:00:44"", ""0:00:55"", ""0:00:35"", ""0:00:53"", ""0:00:33"", ""0:00:49"", ""0:00:29"", ""0:00:44"", ""0:00:22"", ""0:00:41"", ""0:00:21"", ""0:00:36"", ""0:00:20"", ""0:00:32"", ""0:00:17"", ""0:00:31"", ""0:00:16"", ""0:00:28"", ""0:00:14"", ""0:00:27"", ""0:00:12"", ""0:00:26"", ""0:00:11"", ""0:00:25"", ""0:00:09"", ""0:00:23"", ""0:00:08"", ""0:00:23"", ""0:00:07"", ""0:00:22"", ""0:00:05"", ""0:00:22"", ""0:00:03"", ""0:00:22"", ""0:00:03"", ""0:00:17"", ""0:00:03"", ""0:00:17"", ""0:00:02"", ""0:00:15"", ""0:00:02"", ""0:00:13"", ""0:00:01"", ""0:00:12"", ""0:00:01"", ""0:00:12"", ""0:00:01"", ""0:00:10"", ""0:00:01"", ""0:00:10"", ""0:00:00"", ""0:00:09""]"
"IM Chan, Kim Yew",97,5,oP9qWHAN,2026.05.06,Smirnov85,ignat_final,2521,2525,1-0,white,win,B03,Alekhine Defense: Exchange Variation,61,Normal,180+0,Standard,"[""0:03:00"", ""0:03:00"", ""0:02:58"", ""0:03:00"", ""0:02:57"", ""0:02:59"", ""0:02:55"", ""0:02:58"", ""0:02:54"", ""0:02:58"", ""0:02:52"", ""0:02:57"", ""0:02:51"", ""0:02:57"", ""0:02:49"", ""0:02:56"", ""0:02:47"", ""0:02:55"", ""0:02:40"", ""0:02:49"", ""0:02:33"", ""0:02:48"", ""0:02:30"", ""0:02:47"", ""0:02:04"", ""0:02:39"", ""0:02:01"", ""0:02:36"", ""0:01:58"", ""0:02:31"", ""0:01:52"", ""0:02:23"", ""0:01:51"", ""0:02:23"", ""0:01:50"", ""0:02:23"", ""0:01:46"", ""0:02:23"", ""0:01:46"", ""0:02:20"", ""0:01:45"", ""0:02:13"", ""0:01:38"", ""0:02:13"", ""0:01:25"", ""0:02:11"", ""0:01:22"", ""0:02:03"", ""0:01:12"", ""0:01:48"", ""0:01:08"", ""0:01:47"", ""0:01:06"", ""0:01:41"", ""0:01:03"", ""0:01:37"", ""0:00:46"", ""0:01:36"", ""0:00:46"", ""0:01:33"", ""0:00:46"", ""0:01:31"", ""0:00:43"", ""0:01:30"", ""0:00:41"", ""0:01:25"", ""0:00:40"", ""0:01:24"", ""0:00:39"", ""0:01:20"", ""0:00:38"", ""0:01:19"", ""0:00:37"", ""0:01:17"", ""0:00:36"", ""0:01:16"", ""0:00:36"", ""0:01:15"", ""0:00:36"", ""0:01:15"", ""0:00:35"", ""0:01:14"", ""0:00:35"", ""0:01:13"", ""0:00:35"", ""0:01:12"", ""0:00:35"", ""0:01:11"", ""0:00:34"", ""0:01:09"", ""0:00:32"", ""0:01:07"", ""0:00:32"", ""0:01:07"", ""0:00:31"", ""0:01:04"", ""0:00:29"", ""0:01:03"", ""0:00:29"", ""0:01:00"", ""0:00:28"", ""0:00:55"", ""0:00:27"", ""0:00:51"", ""0:00:26"", ""0:00:51"", ""0:00:26"", ""0:00:50"", ""0:00:26"", ""0:00:50"", ""0:00:26"", ""0:00:49"", ""0:00:26"", ""0:00:49"", ""0:00:25"", ""0:00:48"", ""0:00:25"", ""0:00:48"", ""0:00:25"", ""0:00:47"", ""0:00:25""]"
"IM Chan, Kim Yew",98,5,T892fnT8,2026.04.28,Smirnov85,Prul1979,2531,2578,0-1,white,loss,B51,Sicilian Defense: Moscow Variation,88,Time forfeit,180+0,Standard,"[""0:03:00"", ""0:03:00"", ""0:02:58"", ""0:02:59"", ""0:02:55"", ""0:02:58"", ""0:02:52"", ""0:02:57"", ""0:02:49"", ""0:02:56"", ""0:02:46"", ""0:02:55"", ""0:02:46"", ""0:02:54"", ""0:02:38"", ""0:02:53"", ""0:02:37"", ""0:02:52"", ""0:02:27"", ""0:02:51"", ""0:02:25"", ""0:02:49"", ""0:02:24"", ""0:02:45"", ""0:02:21"", ""0:02:41"", ""0:02:13"", ""0:02:38"", ""0:01:42"", ""0:02:29"", ""0:01:40"", ""0:02:26"", ""0:01:38"", ""0:02:24"", ""0:01:31"", ""0:02:22"", ""0:01:23"", ""0:02:16"", ""0:01:18"", ""0:02:14"", ""0:01:12"", ""0:02:08"", ""0:01:09"", ""0:02:06"", ""0:01:06"", ""0:01:59"", ""0:01:00"", ""0:01:58"", ""0:00:58"", ""0:01:57"", ""0:00:57"", ""0:01:54"", ""0:00:52"", ""0:01:53"", ""0:00:50"", ""0:01:50"", ""0:00:49"", ""0:01:49"", ""0:00:49"", ""0:01:46"", ""0:00:48"", ""0:01:45"", ""0:00:40"", ""0:01:38"", ""0:00:37"", ""0:01:38"", ""0:00:37"", ""0:01:37"", ""0:00:37"", ""0:01:32"", ""0:00:34"", ""0:01:30"", ""0:00:30"", ""0:01:26"", ""0:00:29"", ""0:01:24"", ""0:00:29"", ""0:01:06"", ""0:00:27"", ""0:01:04"", ""0:00:26"", ""0:01:00"", ""0:00:26"", ""0:00:59"", ""0:00:25"", ""0:00:58"", ""0:00:25"", ""0:00:55"", ""0:00:20"", ""0:00:53"", ""0:00:20"", ""0:00:53"", ""0:00:19"", ""0:00:50"", ""0:00:19"", ""0:00:48"", ""0:00:18"", ""0:00:46"", ""0:00:18"", ""0:00:44"", ""0:00:17"", ""0:00:44"", ""0:00:16"", ""0:00:42"", ""0:00:15"", ""0:00:40"", ""0:00:14"", ""0:00:37"", ""0:00:14"", ""0:00:34"", ""0:00:14"", ""0:00:33"", ""0:00:12"", ""0:00:27"", ""0:00:11"", ""0:00:24"", ""0:00:10"", ""0:00:22"", ""0:00:08"", ""0:00:21"", ""0:00:07"", ""0:00:17"", ""0:00:07"", ""0:00:16"", ""0:00:07"", ""0:00:15"", ""0:00:06"", ""0:00:14"", ""0:00:06"", ""0:00:13"", ""0:00:05"", ""0:00:13"", ""0:00:04"", ""0:00:12"", ""0:00:03"", ""0:00:12"", ""0:00:03"", ""0:00:11"", ""0:00:02"", ""0:00:11"", ""0:00:02"", ""0:00:08"", ""0:00:02"", ""0:00:08"", ""0:00:02"", ""0:00:07"", ""0:00:02"", ""0:00:07"", ""0:00:02"", ""0:00:06"", ""0:00:02"", ""0:00:06"", ""0:00:02"", ""0:00:05"", ""0:00:01"", ""0:00:05"", ""0:00:01"", ""0:00:05"", ""0:00:01"", ""0:00:05"", ""0:00:01"", ""0:00:04"", ""0:00:01"", ""0:00:04"", ""0:00:01"", ""0:00:04"", ""0:00:01"", ""0:00:03"", ""0:00:01"", ""0:00:03"", ""0:00:01"", ""0:00:02"", ""0:00:01"", ""0:00:02"", ""0:00:01"", ""0:00:02""]"
"IM Chan, Kim Yew",99,5,28mOMGR8,2026.04.28,MyLittleHorsie,Smirnov85,2576,2542,1-0,black,loss,A29,"English Opening: King's English Variation, Four Knights Variation, Fianchetto Line",34,Normal,180+0,Standard,"[""0:03:00"", ""0:03:00"", ""0:02:59"", ""0:02:59"", ""0:02:58"", ""0:02:58"", ""0:02:57"", ""0:02:58"", ""0:02:57"", ""0:02:57"", ""0:02:56"", ""0:02:55"", ""0:02:54"", ""0:02:52"", ""0:02:52"", ""0:02:48"", ""0:02:50"", ""0:02:47"", ""0:02:50"", ""0:02:37"", ""0:02:49"", ""0:02:37"", ""0:02:47"", ""0:02:36"", ""0:02:47"", ""0:02:33"", ""0:02:38"", ""0:02:32"", ""0:02:37"", ""0:02:24"", ""0:02:35"", ""0:02:23"", ""0:02:31"", ""0:02:18"", ""0:02:29"", ""0:02:17"", ""0:02:28"", ""0:01:33"", ""0:02:24"", ""0:01:29"", ""0:02:20"", ""0:01:25"", ""0:02:17"", ""0:01:25"", ""0:02:16"", ""0:01:24"", ""0:02:11"", ""0:01:16"", ""0:02:09"", ""0:01:03"", ""0:01:56"", ""0:01:03"", ""0:01:53"", ""0:01:02"", ""0:01:53"", ""0:01:02"", ""0:01:48"", ""0:00:58"", ""0:01:46"", ""0:00:57"", ""0:01:45"", ""0:00:44"", ""0:01:43"", ""0:00:42"", ""0:01:43"", ""0:00:42"", ""0:01:42""]"
"IM Chan, Kim Yew",100,5,z7b3PqpJ,2026.04.28,buildorderbot,Smirnov85,2581,2553,1-0,black,loss,C00,French Defense,20,Normal,180+0,Standard,"[""0:03:00"", ""0:03:00"", ""0:02:58"", ""0:03:00"", ""0:02:57"", ""0:02:56"", ""0:02:55"", ""0:02:55"", ""0:02:54"", ""0:02:38"", ""0:02:50"", ""0:02:37"", ""0:02:46"", ""0:02:35"", ""0:02:34"", ""0:02:32"", ""0:02:30"", ""0:02:29"", ""0:02:23"", ""0:02:21"", ""0:02:19"", ""0:02:20"", ""0:01:52"", ""0:02:15"", ""0:01:44"", ""0:02:07"", ""0:01:36"", ""0:02:01"", ""0:01:36"", ""0:01:50"", ""0:01:32"", ""0:01:26"", ""0:01:29"", ""0:01:25"", ""0:01:25"", ""0:01:18"", ""0:01:22"", ""0:01:11"", ""0:01:20""]"
"IM Chan, Kim Yew",101,5,p8RYXIN5,2026.04.28,Smirnov85,Amethyst-Cat,2564,2613,0-1,white,loss,C88,"Ruy Lopez: Closed, Anti-Marshall",27,Normal,180+0,Standard,"[""0:03:00"", ""0:03:00"", ""0:02:59"", ""0:03:00"", ""0:02:58"", ""0:02:59"", ""0:02:58"", ""0:02:59"", ""0:02:57"", ""0:02:59"", ""0:02:56"", ""0:02:58"", ""0:02:55"", ""0:02:56"", ""0:02:54"", ""0:02:55"", ""0:02:54"", ""0:02:54"", ""0:02:53"", ""0:02:53"", ""0:02:50"", ""0:02:52"", ""0:02:48"", ""0:02:49"", ""0:02:33"", ""0:02:46"", ""0:02:26"", ""0:02:43"", ""0:02:06"", ""0:02:41"", ""0:02:01"", ""0:02:40"", ""0:02:00"", ""0:02:35"", ""0:01:45"", ""0:02:34"", ""0:01:38"", ""0:02:33"", ""0:01:36"", ""0:02:21"", ""0:01:15"", ""0:02:14"", ""0:00:43"", ""0:02:13"", ""0:00:33"", ""0:02:12"", ""0:00:23"", ""0:02:10"", ""0:00:23"", ""0:02:09"", ""0:00:20"", ""0:02:07"", ""0:00:15"", ""0:02:06""]"
"IM Chan, Kim Yew",102,5,tdilpOMY,2026.04.28,RisingPhoenix33,Smirnov85,2578,2549,0-1,black,win,B31,"Sicilian Defense: Nyezhmetdinov-Rossolimo Attack, Fianchetto Variation",50,Normal,180+0,Standard,"[""0:03:00"", ""0:03:00"", ""0:02:59"", ""0:02:58"", ""0:02:58"", ""0:02:57"", ""0:02:57"", ""0:02:56"", ""0:02:57"", ""0:02:55"", ""0:02:56"", ""0:02:49"", ""0:02:54"", ""0:02:47"", ""0:02:45"", ""0:02:45"", ""0:02:43"", ""0:02:42"", ""0:02:43"", ""0:02:37"", ""0:02:40"", ""0:02:32"", ""0:02:36"", ""0:02:25"", ""0:02:34"", ""0:02:23"", ""0:02:28"", ""0:02:17"", ""0:02:26"", ""0:02:17"", ""0:02:24"", ""0:02:07"", ""0:02:22"", ""0:02:06"", ""0:01:32"", ""0:02:01"", ""0:01:32"", ""0:01:56"", ""0:01:30"", ""0:01:43"", ""0:01:26"", ""0:01:38"", ""0:01:23"", ""0:01:22"", ""0:01:20"", ""0:01:17"", ""0:01:16"", ""0:01:16"", ""0:01:09"", ""0:01:04"", ""0:01:08"", ""0:01:01"", ""0:01:07"", ""0:00:59"", ""0:01:05"", ""0:00:57"", ""0:01:02"", ""0:00:55"", ""0:01:00"", ""0:00:50"", ""0:00:58"", ""0:00:50"", ""0:00:58"", ""0:00:48"", ""0:00:56"", ""0:00:42"", ""0:00:49"", ""0:00:41"", ""0:00:48"", ""0:00:32"", ""0:00:28"", ""0:00:27"", ""0:00:28"", ""0:00:27"", ""0:00:27"", ""0:00:26"", ""0:00:27"", ""0:00:24"", ""0:00:25"", ""0:00:23"", ""0:00:24"", ""0:00:20"", ""0:00:24"", ""0:00:18"", ""0:00:23"", ""0:00:18"", ""0:00:21"", ""0:00:17"", ""0:00:20"", ""0:00:16"", ""0:00:20"", ""0:00:15"", ""0:00:19"", ""0:00:14"", ""0:00:19"", ""0:00:13"", ""0:00:16"", ""0:00:12"", ""0:00:16"", ""0:00:12""]"
"IM Chan, Kim Yew",103,5,TKTIRimx,2026.04.28,Smirnov85,xtime,2534,2586,1-0,white,win,C70,"Ruy Lopez: Morphy Defense, Cozio Defense",31,Normal,180+0,Standard,"[""0:03:00"", ""0:03:00"", ""0:02:59"", ""0:02:59"", ""0:02:59"", ""0:02:58"", ""0:02:58"", ""0:02:57"", ""0:02:57"", ""0:02:56"", ""0:02:53"", ""0:02:55"", ""0:02:52"", ""0:02:55"", ""0:02:52"", ""0:02:55"", ""0:02:48"", ""0:02:53"", ""0:02:39"", ""0:02:51"", ""0:02:38"", ""0:02:50"", ""0:02:36"", ""0:02:49"", ""0:02:36"", ""0:02:48"", ""0:02:12"", ""0:02:48"", ""0:02:01"", ""0:02:47"", ""0:01:44"", ""0:02:36"", ""0:01:41"", ""0:02:14"", ""0:01:36"", ""0:02:12"", ""0:01:34"", ""0:02:06"", ""0:01:27"", ""0:02:04"", ""0:01:25"", ""0:02:02"", ""0:01:21"", ""0:02:00"", ""0:01:18"", ""0:01:44"", ""0:01:15"", ""0:01:40"", ""0:01:04"", ""0:01:39"", ""0:00:50"", ""0:01:37"", ""0:00:49"", ""0:01:31"", ""0:00:44"", ""0:00:57"", ""0:00:40"", ""0:00:46"", ""0:00:33"", ""0:00:44"", ""0:00:32""]"
"IM Chan, Kim Yew",104,5,Fvwki7cN,2026.04.28,Smirnov85,Kotlette,2547,2576,0-1,white,loss,C88,"Ruy Lopez: Closed, Anti-Marshall",34,Normal,180+0,Standard,"[""0:03:00"", ""0:03:00"", ""0:02:59"", ""0:02:58"", ""0:02:58"", ""0:02:56"", ""0:02:57"", ""0:02:54"", ""0:02:56"", ""0:02:53"", ""0:02:55"", ""0:02:51"", ""0:02:47"", ""0:02:50"", ""0:02:46"", ""0:02:47"", ""0:02:35"", ""0:02:46"", ""0:02:35"", ""0:02:45"", ""0:02:34"", ""0:02:41"", ""0:02:33"", ""0:02:40"", ""0:02:33"", ""0:02:35"", ""0:02:11"", ""0:02:33"", ""0:02:08"", ""0:02:33"", ""0:02:06"", ""0:02:27"", ""0:02:01"", ""0:02:26"", ""0:01:55"", ""0:02:24"", ""0:01:54"", ""0:02:10"", ""0:01:52"", ""0:02:09"", ""0:01:39"", ""0:01:59"", ""0:01:22"", ""0:01:39"", ""0:00:54"", ""0:01:21"", ""0:00:48"", ""0:01:19"", ""0:00:48"", ""0:01:16"", ""0:00:46"", ""0:01:15"", ""0:00:45"", ""0:01:14"", ""0:00:44"", ""0:01:12"", ""0:00:44"", ""0:01:11"", ""0:00:42"", ""0:01:10"", ""0:00:42"", ""0:01:08"", ""0:00:41"", ""0:01:07"", ""0:00:41"", ""0:01:05"", ""0:00:40"", ""0:01:04""]"
"IM Chan, Kim Yew",105,5,bpl51kGt,2026.04.24,GS7877koh,Smirnov85,1620,2408,1-0,black,loss,C01,French Defense: Exchange Variation,56,Normal,600+5,Standard,"[""0:10:00"", ""0:10:00"", ""0:10:01"", ""0:10:04"", ""0:10:00"", ""0:10:07"", ""0:10:03"", ""0:10:08"", ""0:10:05"", ""0:10:04"", ""0:09:52"", ""0:09:49"", ""0:09:40"", ""0:09:46"", ""0:09:38"", ""0:09:47"", ""0:09:26"", ""0:09:31"", ""0:08:52"", ""0:09:28"", ""0:08:11"", ""0:09:28"", ""0:06:44"", ""0:08:44"", ""0:05:47"", ""0:06:59"", ""0:05:14"", ""0:04:38"", ""0:04:47"", ""0:03:56"", ""0:04:28"", ""0:03:32"", ""0:04:01"", ""0:02:19"", ""0:02:53"", ""0:01:24"", ""0:02:36"", ""0:01:24"", ""0:02:07"", ""0:01:04"", ""0:02:03"", ""0:01:03"", ""0:01:43"", ""0:01:01"", ""0:01:13"", ""0:01:00"", ""0:01:09"", ""0:01:01"", ""0:00:49"", ""0:00:58"", ""0:00:48"", ""0:00:56"", ""0:00:35"", ""0:00:38"", ""0:00:28"", ""0:00:39"", ""0:00:16"", ""0:00:38"", ""0:00:16"", ""0:00:23"", ""0:00:14"", ""0:00:22"", ""0:00:18"", ""0:00:26"", ""0:00:21"", ""0:00:25"", ""0:00:16"", ""0:00:09"", ""0:00:08"", ""0:00:12"", ""0:00:11"", ""0:00:16"", ""0:00:14"", ""0:00:19"", ""0:00:18"", ""0:00:22"", ""0:00:20"", ""0:00:24"", ""0:00:24"", ""0:00:26"", ""0:00:28"", ""0:00:30"", ""0:00:32"", ""0:00:33"", ""0:00:33"", ""0:00:35"", ""0:00:35"", ""0:00:38"", ""0:00:39"", ""0:00:39"", ""0:00:30"", ""0:00:39"", ""0:00:33"", ""0:00:43"", ""0:00:35"", ""0:00:45"", ""0:00:33"", ""0:00:38"", ""0:00:27"", ""0:00:38"", ""0:00:19"", ""0:00:40"", ""0:00:22"", ""0:00:32"", ""0:00:24"", ""0:00:31"", ""0:00:27"", ""0:00:33"", ""0:00:31"", ""0:00:37"", ""0:00:34""]"
"IM Chan, Kim Yew",106,5,Xx9IZt1K,2026.04.07,ftower,Smirnov85,2492,2563,1-0,black,loss,A01,Nimzo-Larsen Attack: Indian Variation,65,Time forfeit,180+0,Standard,"[""0:03:00"", ""0:03:00"", ""0:02:59"", ""0:03:00"", ""0:02:58"", ""0:02:59"", ""0:02:58"", ""0:02:58"", ""0:02:57"", ""0:02:57"", ""0:02:56"", ""0:02:56"", ""0:02:55"", ""0:02:50"", ""0:02:54"", ""0:02:49"", ""0:02:53"", ""0:02:46"", ""0:02:51"", ""0:02:40"", ""0:02:48"", ""0:02:33"", ""0:02:44"", ""0:02:32"", ""0:02:43"", ""0:02:31"", ""0:02:37"", ""0:02:31"", ""0:02:37"", ""0:02:24"", ""0:02:31"", ""0:02:17"", ""0:02:29"", ""0:02:14"", ""0:02:25"", ""0:02:08"", ""0:02:13"", ""0:01:48"", ""0:02:11"", ""0:01:47"", ""0:02:06"", ""0:01:44"", ""0:01:56"", ""0:01:19"", ""0:01:54"", ""0:01:04"", ""0:01:40"", ""0:01:03"", ""0:01:35"", ""0:00:48"", ""0:01:29"", ""0:00:43"", ""0:01:21"", ""0:00:41"", ""0:01:14"", ""0:00:31"", ""0:01:11"", ""0:00:25"", ""0:01:09"", ""0:00:25"", ""0:01:07"", ""0:00:24"", ""0:01:03"", ""0:00:20"", ""0:00:57"", ""0:00:18"", ""0:00:49"", ""0:00:14"", ""0:00:43"", ""0:00:13"", ""0:00:42"", ""0:00:13"", ""0:00:38"", ""0:00:12"", ""0:00:32"", ""0:00:12"", ""0:00:31"", ""0:00:11"", ""0:00:28"", ""0:00:09"", ""0:00:27"", ""0:00:09"", ""0:00:25"", ""0:00:09"", ""0:00:20"", ""0:00:07"", ""0:00:19"", ""0:00:06"", ""0:00:18"", ""0:00:06"", ""0:00:16"", ""0:00:05"", ""0:00:16"", ""0:00:05"", ""0:00:15"", ""0:00:05"", ""0:00:14"", ""0:00:05"", ""0:00:13"", ""0:00:05"", ""0:00:12"", ""0:00:05"", ""0:00:12"", ""0:00:05"", ""0:00:12"", ""0:00:05"", ""0:00:10"", ""0:00:04"", ""0:00:10"", ""0:00:03"", ""0:00:10"", ""0:00:02"", ""0:00:09"", ""0:00:02"", ""0:00:06"", ""0:00:02"", ""0:00:05"", ""0:00:01"", ""0:00:05"", ""0:00:01"", ""0:00:04"", ""0:00:01"", ""0:00:04"", ""0:00:01"", ""0:00:04"", ""0:00:00"", ""0:00:04"", ""0:00:00"", ""0:00:04""]"
"IM Chan, Kim Yew",107,5,kr9MRmLT,2026.04.07,Danish_Gambiter,Smirnov85,2656,2573,1-0,black,loss,A06,Zukertort Opening: Reversed Mexican Defense,54,Time forfeit,180+0,Standard,"[""0:03:00"", ""0:03:00"", ""0:02:59"", ""0:02:58"", ""0:02:58"", ""0:02:55"", ""0:02:58"", ""0:02:53"", ""0:02:56"", ""0:02:53"", ""0:02:56"", ""0:02:52"", ""0:02:55"", ""0:02:51"", ""0:02:54"", ""0:02:50"", ""0:02:52"", ""0:02:47"", ""0:02:50"", ""0:02:45"", ""0:02:48"", ""0:02:37"", ""0:02:42"", ""0:02:36"", ""0:02:40"", ""0:02:34"", ""0:02:37"", ""0:02:29"", ""0:02:31"", ""0:02:25"", ""0:02:24"", ""0:01:47"", ""0:02:23"", ""0:01:35"", ""0:02:23"", ""0:01:35"", ""0:02:15"", ""0:01:34"", ""0:02:14"", ""0:01:28"", ""0:02:06"", ""0:01:24"", ""0:01:47"", ""0:01:08"", ""0:01:45"", ""0:01:08"", ""0:01:43"", ""0:01:08"", ""0:01:39"", ""0:01:04"", ""0:01:36"", ""0:01:01"", ""0:01:32"", ""0:00:56"", ""0:01:29"", ""0:00:52"", ""0:01:21"", ""0:00:44"", ""0:01:12"", ""0:00:41"", ""0:01:12"", ""0:00:40"", ""0:01:08"", ""0:00:36"", ""0:01:00"", ""0:00:35"", ""0:01:00"", ""0:00:34"", ""0:00:57"", ""0:00:25"", ""0:00:49"", ""0:00:22"", ""0:00:33"", ""0:00:22"", ""0:00:29"", ""0:00:16"", ""0:00:20"", ""0:00:16"", ""0:00:19"", ""0:00:11"", ""0:00:15"", ""0:00:10"", ""0:00:15"", ""0:00:09"", ""0:00:13"", ""0:00:07"", ""0:00:09"", ""0:00:07"", ""0:00:08"", ""0:00:06"", ""0:00:07"", ""0:00:05"", ""0:00:06"", ""0:00:04"", ""0:00:05"", ""0:00:02"", ""0:00:04"", ""0:00:02"", ""0:00:03"", ""0:00:02"", ""0:00:03"", ""0:00:02"", ""0:00:02"", ""0:00:01"", ""0:00:02"", ""0:00:00"", ""0:00:02""]"
"IM Chan, Kim Yew",108,5,1HaCflSu,2026.04.07,Strengthensmental555,Smirnov85,2514,2591,1-0,black,loss,A04,Zukertort Opening: Kingside Fianchetto,46,Normal,180+0,Standard,"[""0:03:00"", ""0:03:00"", ""0:02:57"", ""0:02:57"", ""0:02:56"", ""0:02:56"", ""0:02:54"", ""0:02:56"", ""0:02:53"", ""0:02:54"", ""0:02:53"", ""0:02:44"", ""0:02:46"", ""0:02:41"", ""0:02:46"", ""0:02:35"", ""0:02:39"", ""0:02:28"", ""0:02:37"", ""0:02:27"", ""0:02:28"", ""0:02:22"", ""0:02:27"", ""0:02:19"", ""0:02:20"", ""0:02:12"", ""0:02:18"", ""0:02:12"", ""0:02:14"", ""0:02:10"", ""0:02:07"", ""0:01:59"", ""0:01:57"", ""0:01:35"", ""0:01:57"", ""0:01:34"", ""0:01:56"", ""0:01:08"", ""0:01:52"", ""0:01:07"", ""0:01:36"", ""0:01:01"", ""0:01:31"", ""0:00:58"", ""0:01:29"", ""0:00:54"", ""0:01:22"", ""0:00:50"", ""0:01:22"", ""0:00:48"", ""0:01:19"", ""0:00:41"", ""0:01:05"", ""0:00:34"", ""0:00:59"", ""0:00:32"", ""0:00:56"", ""0:00:28"", ""0:00:52"", ""0:00:26"", ""0:00:45"", ""0:00:23"", ""0:00:40"", ""0:00:22"", ""0:00:36"", ""0:00:21"", ""0:00:35"", ""0:00:20"", ""0:00:31"", ""0:00:19"", ""0:00:31"", ""0:00:13"", ""0:00:23"", ""0:00:13"", ""0:00:21"", ""0:00:12"", ""0:00:21"", ""0:00:11"", ""0:00:18"", ""0:00:10"", ""0:00:18"", ""0:00:10"", ""0:00:16"", ""0:00:09"", ""0:00:13"", ""0:00:08"", ""0:00:12"", ""0:00:08"", ""0:00:12"", ""0:00:07"", ""0:00:12""]"
"IM Chan, Kim Yew",109,5,MzXY7aG6,2026.04.07,Smirnov85,Strengthensmental555,2578,2519,1-0,white,win,B10,Caro-Kann Defense: Endgame Offer,63,Normal,180+0,Standard,"[""0:03:00"", ""0:03:00"", ""0:02:57"", ""0:02:59"", ""0:02:56"", ""0:02:55"", ""0:02:55"", ""0:02:55"", ""0:02:52"", ""0:02:54"", ""0:02:45"", ""0:02:50"", ""0:02:40"", ""0:02:44"", ""0:02:37"", ""0:02:43"", ""0:02:36"", ""0:02:42"", ""0:02:35"", ""0:02:35"", ""0:02:32"", ""0:02:34"", ""0:02:27"", ""0:02:31"", ""0:02:26"", ""0:02:17"", ""0:02:13"", ""0:02:17"", ""0:02:12"", ""0:02:13"", ""0:02:09"", ""0:02:08"", ""0:02:07"", ""0:02:06"", ""0:02:05"", ""0:02:04"", ""0:02:04"", ""0:01:59"", ""0:02:01"", ""0:01:56"", ""0:01:52"", ""0:01:53"", ""0:01:51"", ""0:01:51"", ""0:01:44"", ""0:01:47"", ""0:01:21"", ""0:01:32"", ""0:01:18"", ""0:01:22"", ""0:01:13"", ""0:01:20"", ""0:01:13"", ""0:01:18"", ""0:01:07"", ""0:01:18"", ""0:01:06"", ""0:01:15"", ""0:01:05"", ""0:01:13"", ""0:01:05"", ""0:01:11"", ""0:01:03"", ""0:01:10"", ""0:01:03"", ""0:01:09"", ""0:01:00"", ""0:01:08"", ""0:00:59"", ""0:01:07"", ""0:00:59"", ""0:01:03"", ""0:00:57"", ""0:01:01"", ""0:00:55"", ""0:01:00"", ""0:00:54"", ""0:00:59"", ""0:00:53"", ""0:00:58"", ""0:00:53"", ""0:00:56"", ""0:00:52"", ""0:00:54"", ""0:00:51"", ""0:00:50"", ""0:00:49"", ""0:00:50"", ""0:00:48"", ""0:00:49"", ""0:00:48"", ""0:00:48"", ""0:00:46"", ""0:00:44"", ""0:00:42"", ""0:00:44"", ""0:00:42"", ""0:00:43"", ""0:00:35"", ""0:00:41"", ""0:00:35"", ""0:00:38"", ""0:00:34"", ""0:00:36"", ""0:00:33"", ""0:00:34"", ""0:00:31"", ""0:00:32"", ""0:00:30"", ""0:00:30"", ""0:00:29"", ""0:00:20"", ""0:00:28"", ""0:00:11"", ""0:00:27"", ""0:00:10"", ""0:00:25"", ""0:00:09"", ""0:00:21"", ""0:00:09"", ""0:00:20"", ""0:00:08"", ""0:00:19"", ""0:00:07"", ""0:00:18""]"
"IM Chan, Kim Yew",110,5,rFBhucep,2026.04.07,scryzq,Smirnov85,2465,2566,0-1,black,win,C01,French Defense: Exchange Variation,45,Time forfeit,180+0,Standard,"[""0:03:00"", ""0:03:00"", ""0:02:58"", ""0:02:58"", ""0:02:58"", ""0:02:58"", ""0:02:58"", ""0:02:57"", ""0:02:55"", ""0:02:56"", ""0:02:53"", ""0:02:56"", ""0:02:52"", ""0:02:52"", ""0:02:49"", ""0:02:47"", ""0:02:46"", ""0:02:41"", ""0:02:46"", ""0:02:39"", ""0:02:44"", ""0:02:38"", ""0:02:43"", ""0:02:35"", ""0:02:43"", ""0:02:32"", ""0:02:39"", ""0:02:20"", ""0:02:31"", ""0:02:03"", ""0:02:22"", ""0:02:03"", ""0:02:12"", ""0:01:55"", ""0:02:10"", ""0:01:47"", ""0:02:09"", ""0:01:46"", ""0:01:43"", ""0:01:01"", ""0:01:42"", ""0:01:00"", ""0:01:35"", ""0:00:59"", ""0:01:33"", ""0:00:56"", ""0:01:21"", ""0:00:55"", ""0:01:18"", ""0:00:54"", ""0:01:15"", ""0:00:53"", ""0:01:13"", ""0:00:52"", ""0:01:12"", ""0:00:47"", ""0:01:08"", ""0:00:45"", ""0:01:07"", ""0:00:44"", ""0:01:05"", ""0:00:41"", ""0:01:03"", ""0:00:40"", ""0:00:54"", ""0:00:33"", ""0:00:46"", ""0:00:30"", ""0:00:40"", ""0:00:30"", ""0:00:33"", ""0:00:29"", ""0:00:22"", ""0:00:29"", ""0:00:16"", ""0:00:26"", ""0:00:15"", ""0:00:22"", ""0:00:14"", ""0:00:22"", ""0:00:13"", ""0:00:20"", ""0:00:06"", ""0:00:18"", ""0:00:04"", ""0:00:16"", ""0:00:02"", ""0:00:14"", ""0:00:00"", ""0:00:13""]"
"IM Chan, Kim Yew",111,5,PqhBO6pZ,2026.03.19,darkgamer69,Smirnov85,2289,2384,0-1,black,win,A15,English Opening: Anglo-Indian Defense,36,Normal,600+5,Standard,"[""0:10:00"", ""0:10:00"", ""0:10:04"", ""0:10:05"", ""0:10:07"", ""0:10:10"", ""0:10:12"", ""0:10:13"", ""0:10:17"", ""0:10:14"", ""0:10:20"", ""0:10:08"", ""0:10:03"", ""0:08:37"", ""0:09:02"", ""0:08:09"", ""0:09:01"", ""0:08:09"", ""0:09:04"", ""0:06:48"", ""0:07:49"", ""0:04:07"", ""0:06:23"", ""0:02:55"", ""0:03:35"", ""0:01:58"", ""0:03:13"", ""0:01:41"", ""0:02:51"", ""0:01:43"", ""0:01:40"", ""0:00:44"", ""0:01:17"", ""0:00:49"", ""0:00:55"", ""0:00:54"", ""0:00:35"", ""0:00:23"", ""0:00:27"", ""0:00:15"", ""0:00:28"", ""0:00:18"", ""0:00:25"", ""0:00:18"", ""0:00:27"", ""0:00:12"", ""0:00:29"", ""0:00:17"", ""0:00:27"", ""0:00:19"", ""0:00:21"", ""0:00:23"", ""0:00:22"", ""0:00:25"", ""0:00:22"", ""0:00:28"", ""0:00:27"", ""0:00:33"", ""0:00:26"", ""0:00:33"", ""0:00:27"", ""0:00:34"", ""0:00:31"", ""0:00:38"", ""0:00:29"", ""0:00:43"", ""0:00:33"", ""0:00:48"", ""0:00:32"", ""0:00:46"", ""0:00:21"", ""0:00:48""]"
"IM Chan, Kim Yew",112,5,DQUOgSwn,2026.03.19,darkgamer69,Smirnov85,2287,2393,1/2-1/2,black,draw,A15,English Opening: Anglo-Indian Defense,62,Normal,600+5,Standard,"[""0:10:00"", ""0:10:00"", ""0:10:04"", ""0:10:05"", ""0:10:07"", ""0:10:03"", ""0:10:09"", ""0:10:02"", ""0:10:09"", ""0:10:00"", ""0:10:12"", ""0:08:49"", ""0:10:06"", ""0:08:45"", ""0:09:52"", ""0:07:54"", ""0:09:50"", ""0:07:57"", ""0:09:47"", ""0:06:57"", ""0:09:39"", ""0:06:41"", ""0:09:07"", ""0:06:42"", ""0:07:10"", ""0:06:08"", ""0:06:52"", ""0:05:56"", ""0:05:56"", ""0:05:17"", ""0:04:46"", ""0:05:02"", ""0:04:51"", ""0:05:05"", ""0:04:55"", ""0:04:43"", ""0:04:01"", ""0:04:05"", ""0:03:37"", ""0:03:32"", ""0:02:55"", ""0:02:35"", ""0:02:20"", ""0:02:18"", ""0:01:59"", ""0:00:48"", ""0:01:27"", ""0:00:47"", ""0:01:16"", ""0:00:52"", ""0:01:04"", ""0:00:55"", ""0:00:48"", ""0:00:51"", ""0:00:39"", ""0:00:13"", ""0:00:44"", ""0:00:14"", ""0:00:44"", ""0:00:18"", ""0:00:49"", ""0:00:23"", ""0:00:50"", ""0:00:27"", ""0:00:51"", ""0:00:31"", ""0:00:56"", ""0:00:35"", ""0:00:57"", ""0:00:37"", ""0:00:57"", ""0:00:39"", ""0:00:58"", ""0:00:43"", ""0:00:58"", ""0:00:46"", ""0:00:59"", ""0:00:47"", ""0:01:01"", ""0:00:41"", ""0:01:01"", ""0:00:45"", ""0:01:02"", ""0:00:48"", ""0:01:03"", ""0:00:53"", ""0:01:07"", ""0:00:55"", ""0:01:04"", ""0:00:57"", ""0:00:58"", ""0:00:58"", ""0:00:48"", ""0:01:00"", ""0:00:53"", ""0:01:04"", ""0:00:54"", ""0:01:01"", ""0:00:58"", ""0:01:04"", ""0:01:00"", ""0:01:05"", ""0:01:02"", ""0:01:08"", ""0:01:05"", ""0:01:08"", ""0:01:07"", ""0:01:06"", ""0:01:07"", ""0:01:08"", ""0:00:55"", ""0:00:54"", ""0:00:45"", ""0:00:54"", ""0:00:48"", ""0:00:54"", ""0:00:46"", ""0:00:57"", ""0:00:46"", ""0:01:02"", ""0:00:51"", ""0:01:07"", ""0:00:50""]"
"IM Chan, Kim Yew",113,5,sy74undq,2026.03.17,FuegoAbrumador,Smirnov85,2615,2547,0-1,black,win,B31,"Sicilian Defense: Nyezhmetdinov-Rossolimo Attack, Fianchetto Variation",59,Time forfeit,180+0,Standard,"[""0:03:00"", ""0:03:00"", ""0:02:59"", ""0:02:59"", ""0:02:58"", ""0:02:58"", ""0:02:57"", ""0:02:58"", ""0:02:57"", ""0:02:54"", ""0:02:57"", ""0:02:54"", ""0:02:56"", ""0:02:51"", ""0:02:55"", ""0:02:43"", ""0:02:52"", ""0:02:33"", ""0:02:46"", ""0:02:31"", ""0:02:35"", ""0:02:21"", ""0:02:27"", ""0:02:16"", ""0:02:18"", ""0:02:11"", ""0:02:01"", ""0:02:04"", ""0:01:57"", ""0:02:01"", ""0:01:52"", ""0:02:00"", ""0:01:29"", ""0:01:55"", ""0:01:14"", ""0:01:54"", ""0:01:11"", ""0:01:23"", ""0:01:09"", ""0:01:22"", ""0:00:55"", ""0:01:22"", ""0:00:45"", ""0:01:16"", ""0:00:26"", ""0:01:13"", ""0:00:19"", ""0:01:06"", ""0:00:18"", ""0:01:05"", ""0:00:12"", ""0:00:57"", ""0:00:12"", ""0:00:56"", ""0:00:12"", ""0:00:52"", ""0:00:12"", ""0:00:52"", ""0:00:11"", ""0:00:51"", ""0:00:09"", ""0:00:47"", ""0:00:06"", ""0:00:45"", ""0:00:05"", ""0:00:26"", ""0:00:05"", ""0:00:26"", ""0:00:05"", ""0:00:20"", ""0:00:05"", ""0:00:18"", ""0:00:05"", ""0:00:17"", ""0:00:04"", ""0:00:15"", ""0:00:03"", ""0:00:14"", ""0:00:03"", ""0:00:14"", ""0:00:03"", ""0:00:14"", ""0:00:03"", ""0:00:13"", ""0:00:03"", ""0:00:13"", ""0:00:02"", ""0:00:12"", ""0:00:02"", ""0:00:11"", ""0:00:02"", ""0:00:11"", ""0:00:02"", ""0:00:10"", ""0:00:02"", ""0:00:10"", ""0:00:02"", ""0:00:09"", ""0:00:02"", ""0:00:09"", ""0:00:02"", ""0:00:09"", ""0:00:02"", ""0:00:08"", ""0:00:02"", ""0:00:08"", ""0:00:01"", ""0:00:07"", ""0:00:01"", ""0:00:07"", ""0:00:01"", ""0:00:06"", ""0:00:01"", ""0:00:06"", ""0:00:00"", ""0:00:06"", ""0:00:00"", ""0:00:06""]"
"IM Chan, Kim Yew",114,5,o1fVH2qw,2026.03.17,RYWong,Smirnov85,2389,2570,1-0,black,loss,A10,English Opening: Great Snake Variation,50,Normal,180+0,Standard,"[""0:03:00"", ""0:03:00"", ""0:02:49"", ""0:02:59"", ""0:02:37"", ""0:02:58"", ""0:02:26"", ""0:02:57"", ""0:02:25"", ""0:02:55"", ""0:02:23"", ""0:02:54"", ""0:02:21"", ""0:02:53"", ""0:02:17"", ""0:02:49"", ""0:02:14"", ""0:02:43"", ""0:02:06"", ""0:02:36"", ""0:02:05"", ""0:02:35"", ""0:02:05"", ""0:02:12"", ""0:01:57"", ""0:02:05"", ""0:01:25"", ""0:01:57"", ""0:01:16"", ""0:01:47"", ""0:01:12"", ""0:01:43"", ""0:01:10"", ""0:01:29"", ""0:00:58"", ""0:01:21"", ""0:00:56"", ""0:01:19"", ""0:00:41"", ""0:01:13"", ""0:00:36"", ""0:01:10"", ""0:00:31"", ""0:01:06"", ""0:00:29"", ""0:01:01"", ""0:00:22"", ""0:00:47"", ""0:00:22"", ""0:00:21"", ""0:00:21"", ""0:00:15"", ""0:00:19"", ""0:00:14"", ""0:00:15"", ""0:00:12"", ""0:00:13"", ""0:00:10"", ""0:00:10"", ""0:00:08"", ""0:00:10"", ""0:00:08"", ""0:00:10"", ""0:00:07"", ""0:00:10"", ""0:00:07"", ""0:00:09"", ""0:00:07"", ""0:00:08"", ""0:00:06"", ""0:00:07"", ""0:00:06"", ""0:00:07"", ""0:00:06"", ""0:00:07"", ""0:00:06"", ""0:00:06"", ""0:00:06"", ""0:00:06"", ""0:00:06"", ""0:00:06"", ""0:00:06"", ""0:00:06"", ""0:00:06"", ""0:00:06"", ""0:00:05"", ""0:00:06"", ""0:00:05"", ""0:00:06"", ""0:00:05"", ""0:00:06"", ""0:00:05"", ""0:00:06"", ""0:00:05"", ""0:00:05"", ""0:00:04"", ""0:00:04"", ""0:00:04"", ""0:00:04""]"
"IM Chan, Kim Yew",115,5,ubsAlXBu,2026.03.13,GS7877koh,Smirnov85,1500,1842,1/2-1/2,black,draw,?,?,20,Time forfeit,15+0,From Position,"[""0:00:15"", ""0:00:15"", ""0:00:15"", ""0:00:15"", ""0:00:14"", ""0:00:14"", ""0:00:12"", ""0:00:14"", ""0:00:12"", ""0:00:13"", ""0:00:12"", ""0:00:13"", ""0:00:11"", ""0:00:13"", ""0:00:10"", ""0:00:12"", ""0:00:09"", ""0:00:12"", ""0:00:09"", ""0:00:11"", ""0:00:08"", ""0:00:11"", ""0:00:07"", ""0:00:10"", ""0:00:07"", ""0:00:09"", ""0:00:06"", ""0:00:08"", ""0:00:05"", ""0:00:08"", ""0:00:04"", ""0:00:07"", ""0:00:03"", ""0:00:07"", ""0:00:03"", ""0:00:06"", ""0:00:03"", ""0:00:06"", ""0:00:01"", ""0:00:05""]"
"IM Chan, Kim Yew",116,5,WuKsDnmI,2026.03.13,Smirnov85,GS7877koh,1842,1500,1-0,white,win,?,?,28,Normal,15+0,From Position,"[""0:00:15"", ""0:01:15"", ""0:00:15"", ""0:01:13"", ""0:00:15"", ""0:01:12"", ""0:00:15"", ""0:01:11"", ""0:00:15"", ""0:01:11"", ""0:00:15"", ""0:01:10"", ""0:00:15"", ""0:01:09"", ""0:00:15"", ""0:01:08"", ""0:00:14"", ""0:01:07"", ""0:00:14"", ""0:01:07"", ""0:00:14"", ""0:01:05"", ""0:00:14"", ""0:01:04"", ""0:00:14"", ""0:01:03"", ""0:00:14"", ""0:01:03"", ""0:00:13"", ""0:01:02"", ""0:00:13"", ""0:01:00"", ""0:00:13"", ""0:00:59"", ""0:00:12"", ""0:00:58"", ""0:00:12"", ""0:00:57"", ""0:00:12"", ""0:00:56"", ""0:00:12"", ""0:00:55"", ""0:00:12"", ""0:00:54"", ""0:00:11"", ""0:00:53"", ""0:00:11"", ""0:00:52"", ""0:00:10"", ""0:00:51"", ""0:00:10"", ""0:00:49"", ""0:00:09"", ""0:00:48"", ""0:00:09""]"
"IM Chan, Kim Yew",117,5,7hyg7tlz,2026.03.13,GS7877koh,Smirnov85,1500,1842,1/2-1/2,black,draw,?,?,12,Time forfeit,15+0,From Position,"[""0:00:15"", ""0:00:15"", ""0:00:14"", ""0:00:15"", ""0:00:12"", ""0:00:15"", ""0:00:11"", ""0:00:15"", ""0:00:10"", ""0:00:14"", ""0:00:09"", ""0:00:14"", ""0:00:07"", ""0:00:14"", ""0:00:06"", ""0:00:14"", ""0:00:06"", ""0:00:14"", ""0:00:03"", ""0:00:14"", ""0:00:02"", ""0:00:13"", ""0:00:01"", ""0:00:12""]"
"IM Chan, Kim Yew",118,5,QaRrnzoc,2026.03.12,Smirnov85,darkgamer69,2393,2274,1-0,white,win,B35,"Sicilian Defense: Accelerated Dragon, Modern Bc4 Variation",24,Normal,600+5,Standard,"[""0:10:00"", ""0:10:00"", ""0:10:04"", ""0:10:05"", ""0:10:07"", ""0:10:10"", ""0:10:12"", ""0:10:13"", ""0:10:15"", ""0:10:07"", ""0:10:18"", ""0:09:58"", ""0:10:21"", ""0:10:01"", ""0:10:25"", ""0:09:40"", ""0:10:23"", ""0:09:15"", ""0:10:05"", ""0:08:59"", ""0:09:52"", ""0:08:14"", ""0:08:51"", ""0:08:09"", ""0:08:54"", ""0:07:28"", ""0:08:39"", ""0:06:14"", ""0:07:55"", ""0:06:07"", ""0:06:40"", ""0:05:45"", ""0:06:02"", ""0:02:48"", ""0:05:54"", ""0:02:21"", ""0:05:39"", ""0:00:58"", ""0:05:32"", ""0:00:32"", ""0:05:04"", ""0:00:35"", ""0:04:54"", ""0:00:11"", ""0:04:45"", ""0:00:16"", ""0:04:40""]"
"IM Chan, Kim Yew",119,5,EQGh5CHn,2026.03.12,Smirnov85,darkgamer69,2393,2274,1-0,white,win,B38,"Sicilian Defense: Accelerated Dragon, Maróczy Bind",41,Normal,600+5,Standard,"[""0:10:00"", ""0:10:00"", ""0:10:03"", ""0:10:04"", ""0:10:06"", ""0:10:09"", ""0:10:11"", ""0:10:13"", ""0:10:12"", ""0:10:18"", ""0:10:11"", ""0:10:21"", ""0:10:08"", ""0:10:21"", ""0:10:02"", ""0:10:19"", ""0:10:06"", ""0:10:15"", ""0:08:10"", ""0:10:12"", ""0:07:55"", ""0:10:16"", ""0:07:39"", ""0:10:07"", ""0:06:22"", ""0:10:05"", ""0:05:57"", ""0:09:34"", ""0:05:24"", ""0:09:16"", ""0:04:27"", ""0:06:56"", ""0:03:23"", ""0:06:59"", ""0:02:55"", ""0:07:03"", ""0:02:14"", ""0:07:02"", ""0:02:07"", ""0:05:36"", ""0:00:47"", ""0:05:41"", ""0:00:52"", ""0:05:12"", ""0:00:50"", ""0:04:44"", ""0:00:42"", ""0:02:26"", ""0:00:36"", ""0:01:21"", ""0:00:38"", ""0:01:25"", ""0:00:39"", ""0:01:27"", ""0:00:37"", ""0:01:08"", ""0:00:23"", ""0:00:52"", ""0:00:19"", ""0:00:55"", ""0:00:23"", ""0:00:47"", ""0:00:27"", ""0:00:37"", ""0:00:23"", ""0:00:39"", ""0:00:24"", ""0:00:38"", ""0:00:25"", ""0:00:20"", ""0:00:11"", ""0:00:07"", ""0:00:10"", ""0:00:06"", ""0:00:15"", ""0:00:09"", ""0:00:19"", ""0:00:08"", ""0:00:20"", ""0:00:09"", ""0:00:21""]"
"IM Chan, Kim Yew",120,5,hfyVltUx,2026.03.07,LeelaQueenOdds,Smirnov85,2430,2393,1-0,black,loss,?,?,29,Normal,600+5,From Position,"[""0:10:00"", ""0:10:00"", ""0:10:05"", ""0:10:03"", ""0:10:01"", ""0:09:54"", ""0:10:02"", ""0:09:55"", ""0:10:07"", ""0:09:31"", ""0:10:10"", ""0:09:34"", ""0:10:14"", ""0:09:34"", ""0:10:17"", ""0:09:24"", ""0:10:20"", ""0:09:25"", ""0:10:24"", ""0:09:25"", ""0:10:29"", ""0:09:27"", ""0:10:33"", ""0:09:32"", ""0:10:37"", ""0:09:22"", ""0:10:40"", ""0:09:21"", ""0:10:43"", ""0:09:21"", ""0:10:46"", ""0:09:07"", ""0:10:49"", ""0:08:59"", ""0:10:48"", ""0:08:45"", ""0:10:45"", ""0:08:46"", ""0:10:46"", ""0:08:49"", ""0:10:49"", ""0:08:49"", ""0:10:49"", ""0:08:49"", ""0:10:50"", ""0:08:51"", ""0:10:54"", ""0:08:42"", ""0:10:51"", ""0:08:22"", ""0:10:54"", ""0:08:26"", ""0:10:56"", ""0:07:51"", ""0:10:56"", ""0:07:56"", ""0:10:58""]"
"IM Chan, Kim Yew",121,5,gcEyHQAP,2026.03.07,LeelaQueenOdds,Smirnov85,2430,2393,1-0,black,loss,?,?,35,Normal,600+5,From Position,"[""0:10:00"", ""0:10:00"", ""0:10:05"", ""0:10:03"", ""0:10:10"", ""0:10:06"", ""0:10:15"", ""0:10:03"", ""0:10:11"", ""0:10:05"", ""0:10:13"", ""0:10:04"", ""0:10:15"", ""0:10:05"", ""0:10:18"", ""0:09:59"", ""0:10:22"", ""0:09:59"", ""0:10:26"", ""0:10:02"", ""0:10:29"", ""0:09:58"", ""0:10:32"", ""0:10:01"", ""0:10:35"", ""0:10:04"", ""0:10:38"", ""0:09:49"", ""0:10:42"", ""0:09:46"", ""0:10:43"", ""0:09:44"", ""0:10:47"", ""0:09:15"", ""0:10:50"", ""0:09:16"", ""0:10:54"", ""0:09:03"", ""0:10:54"", ""0:08:50"", ""0:10:57"", ""0:08:33"", ""0:11:02"", ""0:08:31"", ""0:11:02"", ""0:08:20"", ""0:11:04"", ""0:07:45"", ""0:11:06"", ""0:07:44"", ""0:11:07"", ""0:07:44"", ""0:11:10"", ""0:07:36"", ""0:11:15"", ""0:07:34"", ""0:11:18"", ""0:07:27"", ""0:11:20"", ""0:07:25"", ""0:11:24"", ""0:07:26"", ""0:11:20"", ""0:07:16"", ""0:11:12"", ""0:06:33"", ""0:11:06"", ""0:06:36"", ""0:11:07""]"
"IM Chan, Kim Yew",122,5,mQAUlG8F,2026.03.07,LeelaQueenOdds,Smirnov85,2430,2393,1-0,black,loss,?,?,23,Normal,600+5,From Position,"[""0:10:00"", ""0:10:00"", ""0:10:05"", ""0:10:03"", ""0:10:01"", ""0:09:55"", ""0:10:04"", ""0:09:58"", ""0:10:09"", ""0:09:50"", ""0:10:12"", ""0:09:50"", ""0:10:15"", ""0:09:43"", ""0:10:18"", ""0:09:40"", ""0:10:21"", ""0:09:31"", ""0:10:25"", ""0:08:59"", ""0:10:28"", ""0:09:00"", ""0:10:32"", ""0:08:56"", ""0:10:35"", ""0:08:45"", ""0:10:37"", ""0:08:30"", ""0:10:41"", ""0:08:10"", ""0:10:44"", ""0:08:08"", ""0:10:48"", ""0:07:59"", ""0:10:48"", ""0:07:55"", ""0:10:50"", ""0:07:41"", ""0:10:54"", ""0:07:26"", ""0:10:48"", ""0:07:01"", ""0:10:49"", ""0:06:54"", ""0:10:44"", ""0:06:51""]"
"IM Chan, Kim Yew",123,5,grBF8sNy,2026.03.06,GS7877koh,Smirnov85,1670,2393,1-0,black,loss,C01,French Defense: Exchange Variation,31,Time forfeit,900+0,Standard,"[""0:15:00"", ""0:15:00"", ""0:14:55"", ""0:14:58"", ""0:14:53"", ""0:14:55"", ""0:14:52"", ""0:14:53"", ""0:14:51"", ""0:14:16"", ""0:14:36"", ""0:13:19"", ""0:14:26"", ""0:11:49"", ""0:14:19"", ""0:11:43"", ""0:13:56"", ""0:10:59"", ""0:13:07"", ""0:10:35"", ""0:12:12"", ""0:09:25"", ""0:12:00"", ""0:08:30"", ""0:11:33"", ""0:07:18"", ""0:11:31"", ""0:05:24"", ""0:10:44"", ""0:03:56"", ""0:10:16"", ""0:02:58"", ""0:10:16"", ""0:02:34"", ""0:09:41"", ""0:02:06"", ""0:09:39"", ""0:02:01"", ""0:09:31"", ""0:01:22"", ""0:09:07"", ""0:01:02"", ""0:08:25"", ""0:00:47"", ""0:08:18"", ""0:00:42"", ""0:07:57"", ""0:00:40"", ""0:07:52"", ""0:00:34"", ""0:07:07"", ""0:00:26"", ""0:06:41"", ""0:00:17"", ""0:06:33"", ""0:00:07"", ""0:06:26"", ""0:00:00"", ""0:06:19"", ""0:00:00"", ""0:06:16""]"
"IM Chan, Kim Yew",124,5,nNETVDCc,2026.03.05,Smirnov85,darkgamer69,2393,2274,1-0,white,win,D18,"Slav Defense: Czech Variation, Classical System",35,Normal,600+5,Standard,"[""0:10:00"", ""0:10:00"", ""0:10:03"", ""0:10:04"", ""0:10:06"", ""0:10:09"", ""0:10:09"", ""0:10:13"", ""0:10:12"", ""0:10:17"", ""0:09:47"", ""0:10:19"", ""0:09:47"", ""0:10:18"", ""0:09:45"", ""0:10:15"", ""0:09:15"", ""0:09:41"", ""0:08:16"", ""0:07:31"", ""0:06:01"", ""0:07:24"", ""0:05:55"", ""0:06:49"", ""0:05:17"", ""0:06:21"", ""0:03:33"", ""0:05:51"", ""0:03:34"", ""0:05:43"", ""0:02:09"", ""0:03:57"", ""0:01:55"", ""0:03:15"", ""0:01:48"", ""0:02:19"", ""0:01:30"", ""0:02:17"", ""0:01:26"", ""0:02:22"", ""0:00:51"", ""0:02:09"", ""0:00:42"", ""0:01:48"", ""0:00:32"", ""0:01:53"", ""0:00:36"", ""0:01:55"", ""0:00:11"", ""0:01:36"", ""0:00:12"", ""0:01:38"", ""0:00:16"", ""0:01:38"", ""0:00:19"", ""0:01:31"", ""0:00:23"", ""0:01:30"", ""0:00:26"", ""0:01:18"", ""0:00:13"", ""0:01:23"", ""0:00:17"", ""0:01:23"", ""0:00:20"", ""0:01:22"", ""0:00:24"", ""0:01:24"", ""0:00:28""]"
"IM Chan, Kim Yew",125,5,DXJNJlzN,2026.03.05,Smirnov85,darkgamer69,2393,2274,1-0,white,win,D12,"Slav Defense: Quiet Variation, Schallopp Defense",27,Normal,600+5,Standard,"[""0:10:00"", ""0:10:00"", ""0:09:57"", ""0:10:03"", ""0:09:53"", ""0:10:06"", ""0:09:57"", ""0:09:59"", ""0:10:00"", ""0:09:54"", ""0:09:44"", ""0:09:50"", ""0:08:51"", ""0:09:53"", ""0:08:49"", ""0:09:46"", ""0:08:19"", ""0:09:03"", ""0:07:58"", ""0:09:01"", ""0:06:41"", ""0:09:06"", ""0:05:45"", ""0:08:27"", ""0:05:37"", ""0:06:03"", ""0:05:06"", ""0:04:26"", ""0:04:12"", ""0:04:02"", ""0:04:01"", ""0:03:33"", ""0:03:48"", ""0:03:22"", ""0:02:47"", ""0:02:53"", ""0:02:46"", ""0:02:52"", ""0:02:40"", ""0:02:03"", ""0:02:27"", ""0:01:54"", ""0:02:32"", ""0:01:43"", ""0:02:25"", ""0:01:19"", ""0:02:10"", ""0:01:20"", ""0:02:15"", ""0:01:25"", ""0:02:19"", ""0:01:21"", ""0:02:10""]"
"IM Chan, Kim Yew",126,5,VN9rMy6g,2026.01.24,Smirnov85,aliardani,2570,1573,1/2-1/2,white,draw,?,?,89,Normal,300+3,From Position,"[""0:05:00"", ""0:05:00"", ""0:05:02"", ""0:05:01"", ""0:04:57"", ""0:05:03"", ""0:04:56"", ""0:05:04"", ""0:04:46"", ""0:05:04"", ""0:04:04"", ""0:05:00"", ""0:04:00"", ""0:05:01"", ""0:02:42"", ""0:05:01"", ""0:02:29"", ""0:05:02"", ""0:02:01"", ""0:05:02"", ""0:01:43"", ""0:05:03"", ""0:01:44"", ""0:04:41"", ""0:01:33"", ""0:04:41"", ""0:01:33"", ""0:04:34"", ""0:01:31"", ""0:04:27"", ""0:01:26"", ""0:04:26"", ""0:01:19"", ""0:04:24"", ""0:01:17"", ""0:04:21"", ""0:00:47"", ""0:04:21"", ""0:00:33"", ""0:04:23"", ""0:00:29"", ""0:04:19"", ""0:00:30"", ""0:04:21"", ""0:00:27"", ""0:04:24"", ""0:00:27"", ""0:04:21"", ""0:00:26"", ""0:04:21"", ""0:00:17"", ""0:04:20"", ""0:00:19"", ""0:04:22"", ""0:00:21"", ""0:04:24"", ""0:00:23"", ""0:04:25"", ""0:00:20"", ""0:04:20"", ""0:00:34"", ""0:04:11"", ""0:00:17"", ""0:03:53"", ""0:00:12"", ""0:03:54"", ""0:00:12"", ""0:03:25"", ""0:00:44"", ""0:03:22"", ""0:00:45"", ""0:03:23"", ""0:00:47"", ""0:03:13"", ""0:00:27"", ""0:03:13"", ""0:00:28"", ""0:03:14"", ""0:00:38"", ""0:03:04"", ""0:00:19""]"
"IM Chan, Kim Yew",127,5,ayh6R0gg,2026.01.24,Smirnov85,aliardani,2570,1573,1/2-1/2,white,draw,?,?,62,Normal,300+3,From Position,"[""0:05:00"", ""0:05:00"", ""0:05:00"", ""0:05:01"", ""0:04:58"", ""0:05:03"", ""0:05:00"", ""0:05:05"", ""0:04:46"", ""0:05:05"", ""0:04:29"", ""0:04:51"", ""0:04:27"", ""0:04:36"", ""0:04:24"", ""0:04:37"", ""0:03:57"", ""0:04:37"", ""0:03:46"", ""0:04:34"", ""0:03:28"", ""0:04:29"", ""0:02:32"", ""0:04:27"", ""0:02:16"", ""0:04:28"", ""0:02:04"", ""0:04:28""]"
"IM Chan, Kim Yew",128,5,n4SKuCnW,2026.01.24,Smirnov85,aliardani,2570,1573,1/2-1/2,white,draw,?,?,93,Normal,300+3,From Position,"[""0:05:00"", ""0:05:00"", ""0:04:55"", ""0:05:00"", ""0:04:49"", ""0:04:51"", ""0:04:35"", ""0:04:45"", ""0:04:08"", ""0:04:37"", ""0:03:39"", ""0:04:31"", ""0:03:06"", ""0:04:26"", ""0:02:50"", ""0:04:29"", ""0:02:41"", ""0:04:20"", ""0:02:31"", ""0:04:21"", ""0:02:26"", ""0:04:17"", ""0:02:02"", ""0:04:09"", ""0:01:43"", ""0:04:08"", ""0:01:13"", ""0:04:05"", ""0:01:15"", ""0:04:07"", ""0:01:14"", ""0:04:03"", ""0:01:15"", ""0:04:05"", ""0:01:15"", ""0:04:07"", ""0:01:17"", ""0:04:09"", ""0:01:15"", ""0:04:11"", ""0:01:17"", ""0:04:13"", ""0:01:19"", ""0:04:17"", ""0:01:21"", ""0:04:19"", ""0:01:21"", ""0:04:22"", ""0:01:24"", ""0:04:25"", ""0:01:23"", ""0:04:28"", ""0:01:25"", ""0:04:30"", ""0:01:28"", ""0:04:33"", ""0:01:28"", ""0:04:35"", ""0:01:30"", ""0:04:37"", ""0:01:28"", ""0:04:39"", ""0:01:30"", ""0:04:41"", ""0:01:31"", ""0:04:42"", ""0:01:27"", ""0:04:44"", ""0:01:29"", ""0:04:47"", ""0:01:31"", ""0:04:49"", ""0:01:33"", ""0:04:52"", ""0:01:34"", ""0:04:55"", ""0:01:34"", ""0:04:57"", ""0:01:36"", ""0:04:59"", ""0:01:39"", ""0:05:02"", ""0:01:41"", ""0:05:04"", ""0:01:44"", ""0:05:07"", ""0:01:47"", ""0:05:09"", ""0:01:47"", ""0:05:12""]"
"IM Chan, Kim Yew",129,5,i3VLA2cI,2026.01.18,aliardani,Smirnov85,1573,2570,0-1,black,win,?,?,31,Time forfeit,180+2,From Position,"[""0:03:00"", ""0:02:39"", ""0:02:55"", ""0:02:09"", ""0:02:33"", ""0:01:40"", ""0:02:21"", ""0:01:34"", ""0:02:17"", ""0:01:19"", ""0:02:05"", ""0:01:01"", ""0:01:41"", ""0:00:57"", ""0:01:14"", ""0:00:20"", ""0:00:58"", ""0:00:16"", ""0:00:38"", ""0:00:16"", ""0:00:37"", ""0:00:16"", ""0:00:39"", ""0:00:11"", ""0:00:35"", ""0:00:07"", ""0:00:21"", ""0:00:07"", ""0:00:22"", ""0:00:08"", ""0:00:16"", ""0:00:08""]"
"IM Chan, Kim Yew",130,5,QflDhW88,2026.01.11,Smirnov85,aliardani,2570,1573,1-0,white,win,?,?,44,Normal,180+2,From Position,"[""0:03:00"", ""0:03:00"", ""0:02:49"", ""0:02:52"", ""0:02:48"", ""0:02:39"", ""0:02:37"", ""0:02:28"", ""0:02:35"", ""0:02:19"", ""0:02:32"", ""0:02:05"", ""0:02:26"", ""0:01:37"", ""0:02:23"", ""0:01:28"", ""0:01:32"", ""0:01:19"", ""0:01:27"", ""0:01:18"", ""0:01:25"", ""0:01:15"", ""0:01:21"", ""0:00:58"", ""0:01:15"", ""0:00:50"", ""0:01:16"", ""0:00:50"", ""0:01:10"", ""0:00:48"", ""0:01:04"", ""0:00:44"", ""0:00:51"", ""0:00:39"", ""0:00:45"", ""0:00:35"", ""0:00:37"", ""0:00:22"", ""0:00:33"", ""0:00:22"", ""0:00:13"", ""0:00:21"", ""0:00:12"", ""0:00:21"", ""0:00:13"", ""0:00:19"", ""0:00:14"", ""0:00:15"", ""0:00:13""]"
"IM Chan, Kim Yew",131,5,oTESSMK1,2026.01.06,Smirnov85,Chriscola,2570,1552,0-1,white,loss,?,?,70,Normal,120+5,From Position,"[""0:02:00"", ""0:10:00"", ""0:02:04"", ""0:10:01"", ""0:02:08"", ""0:10:05"", ""0:01:58"", ""0:10:02"", ""0:02:01"", ""0:10:06"", ""0:02:05"", ""0:10:09"", ""0:02:08"", ""0:10:09"", ""0:02:11"", ""0:10:12"", ""0:02:04"", ""0:10:07"", ""0:02:06"", ""0:09:53"", ""0:02:03"", ""0:09:34"", ""0:02:08"", ""0:09:39"", ""0:02:11"", ""0:09:05"", ""0:01:43"", ""0:09:05"", ""0:01:40"", ""0:09:02"", ""0:01:41"", ""0:09:01"", ""0:01:40"", ""0:09:02"", ""0:01:17"", ""0:09:01"", ""0:01:21"", ""0:09:04"", ""0:01:18"", ""0:09:04"", ""0:01:22"", ""0:08:57"", ""0:01:08"", ""0:08:45"", ""0:01:04"", ""0:08:47"", ""0:01:08"", ""0:08:49""]"
"IM Chan, Kim Yew",132,5,BI4O4BrX,2026.01.06,Smirnov85,Chriscola,2570,1552,1-0,white,win,?,?,90,Normal,120+5,From Position,"[""0:02:00"", ""0:10:00"", ""0:02:03"", ""0:09:44"", ""0:02:05"", ""0:09:26"", ""0:01:46"", ""0:09:20"", ""0:01:49"", ""0:08:47"", ""0:01:52"", ""0:08:46"", ""0:01:56"", ""0:08:49"", ""0:01:59"", ""0:08:48"", ""0:01:41"", ""0:08:48"", ""0:01:32"", ""0:07:49"", ""0:01:11"", ""0:07:32"", ""0:01:14"", ""0:07:25"", ""0:01:16"", ""0:07:29"", ""0:01:20"", ""0:07:33"", ""0:01:23"", ""0:07:38"", ""0:01:26"", ""0:07:31"", ""0:01:27"", ""0:07:27"", ""0:01:18"", ""0:07:30"", ""0:01:22"", ""0:06:52"", ""0:01:11"", ""0:05:43"", ""0:00:59"", ""0:05:33"", ""0:01:02"", ""0:05:31"", ""0:01:05"", ""0:05:30"", ""0:01:09"", ""0:05:27"", ""0:01:10"", ""0:05:25"", ""0:01:12"", ""0:05:28"", ""0:01:12"", ""0:05:08"", ""0:01:13"", ""0:05:07"", ""0:01:16"", ""0:04:53"", ""0:01:19"", ""0:04:51"", ""0:01:24"", ""0:04:53"", ""0:01:27"", ""0:04:57"", ""0:01:32"", ""0:05:01"", ""0:01:36"", ""0:05:04"", ""0:01:40"", ""0:05:09"", ""0:01:45"", ""0:05:13"", ""0:01:50"", ""0:05:17"", ""0:01:55"", ""0:05:22"", ""0:01:58"", ""0:05:25"", ""0:02:03"", ""0:05:28"", ""0:02:07"", ""0:05:32"", ""0:02:08"", ""0:05:36"", ""0:02:10"", ""0:05:40"", ""0:02:09""]"
